idIssue;Data;Come valuti la criticità di questa issue?;Quanto è stato difficile effettuare il refactoring di questa issue?;Come valuti la comprensibilità della descrizione della Issue fornita dal tool?;Come valuti la comprensibilità delle istruzioni della Issue fornite dal tool?;Note
AYqiD0WN882CViJqbmd7;30/09/23;Alta;Molto facile;Molto buona;Molto buona;
AYqiD0WB882CViJqbmd4;30/09/23;Molto bassa;Facile;Buona;Buona;
AYqiD0WB882CViJqbmd5;30/09/23;Molto bassa;Facile;Buona;Buona;
AYqiD0WB882CViJqbmd6;30/09/23;Molto bassa;Facile;Buona;Buona;
AYqiD0V1882CViJqbmd2;01/10/23;Molto bassa;Molto facile;Molto buona;Molto buona;
AYqiD0V1882CViJqbmd1;01/10/23;Molto bassa;Molto facile;Molto buona;Molto buona;
AYqiD0V1882CViJqbmd3;01/10/23;Molto bassa;Molto facile;Molto buona;Molto buona;
AYqiD0Vm882CViJqbmdy;02/10/23;Molto bassa;Neutro;Buona;Bassa;
AYqiD0Vm882CViJqbmdz;02/10/23;Molto bassa;Difficile;Bassa;Bassa;
AYqiD0Vm882CViJqbmdx;02/10/23;Molto bassa;Neutro;Buona;Bassa;
AYqiD0VM882CViJqbmdn;02/10/23;Molto bassa;Facile;Buona;Buona;
AYqiD0VM882CViJqbmdm;02/10/23;Molto bassa;Neutro;Buona;Media;
AYqiD0VT882CViJqbmdo;02/10/23;Molto bassa;Facile;Buona;Buona;
AYqiD0VT882CViJqbmdp;02/10/23;Molto bassa;Facile;Buona;Buona;
AYqiD0VF882CViJqbmdl;03/10/23;Molto bassa;Facile;Buona;Buona;
AYqiD0VF882CViJqbmdk;03/10/23;Molto bassa;Difficile;Bassa;Bassa;
AYqiD0U9882CViJqbmdY;03/10/23;Molto bassa;Facile;Buona;Buona;
AYqiD0U9882CViJqbmdZ;03/10/23;Molto bassa;Facile;Buona;Buona;
AYqiD0U9882CViJqbmda;03/10/23;Molto bassa;Facile;Buona;Buona;
AYqiD0U9882CViJqbmdb;03/10/23;Molto bassa;Facile;Buona;Buona;
AYqiD0U9882CViJqbmdc;03/10/23;Molto bassa;Facile;Buona;Buona;
AYqiD0U9882CViJqbmdd;03/10/23;Molto bassa;Facile;Buona;Buona;
AYqiD0U9882CViJqbmde;03/10/23;Molto bassa;Facile;Buona;Buona;
AYqiD0U9882CViJqbmdf;03/10/23;Molto bassa;Facile;Buona;Buona;
AYqiD0U9882CViJqbmdg;03/10/23;Molto bassa;Facile;Buona;Buona;
AYqiD0U9882CViJqbmdh;03/10/23;Molto bassa;Facile;Buona;Buona;
AYqiD0U9882CViJqbmdi;03/10/23;Molto bassa;Facile;Buona;Buona;
AYqiD0U9882CViJqbmdj;03/10/23;Molto bassa;Facile;Buona;Buona;
AYqiD0U9882CViJqbmdW;03/10/23;Molto bassa;Molto facile;Molto buona;Molto buona;
AYqiD0U9882CViJqbmdR;03/10/23;Molto bassa;Molto facile;Molto buona;Molto buona;
AYqiD0U9882CViJqbmdV;03/10/23;Molto bassa;Molto facile;Molto buona;Molto buona;
AYqiD0U9882CViJqbmdX;03/10/23;Molto bassa;Molto facile;Molto buona;Molto buona;
AYqiD0U9882CViJqbmdS;03/10/23;Molto bassa;Molto facile;Molto buona;Molto buona;
AYqiD0U9882CViJqbmdT;03/10/23;Molto bassa;Molto facile;Molto buona;Molto buona;
AYqiD0U9882CViJqbmdU;03/10/23;Molto bassa;Molto facile;Molto buona;Molto buona;
AYqiD0W0882CViJqbmd_;04/10/23;Molto bassa;Molto facile;Molto buona;Molto buona;
AYqiD0W0882CViJqbmeB;04/10/23;Molto bassa;Molto facile;Molto buona;Molto buona;
AYqiD0W0882CViJqbmeC;04/10/23;Molto bassa;Molto facile;Molto buona;Molto buona;
AYqiD0W0882CViJqbmeA;04/10/23;Molto bassa;Molto facile;Molto buona;Molto buona;
AYqiD0GR882CViJqbmZj;04/10/23;Molto bassa;Molto difficile;Molto bassa;Molto bassa;
AYqiD0GJ882CViJqbmZi;04/10/23;Molto bassa;Molto difficile;Molto bassa;Molto bassa;
AYqiD0GJ882CViJqbmZh;04/10/23;Molto bassa;Molto difficile;Molto bassa;Molto bassa;
AYqiD0Vb882CViJqbmdt;04/10/23;Molto bassa;Facile;Buona;Buona;
AYqiD0Vb882CViJqbmdu;04/10/23;Molto bassa;Facile;Buona;Buona;
AYqiD0Vb882CViJqbmdr;04/10/23;Molto bassa;Molto facile;Molto buona;Molto buona;
AYqiD0Vb882CViJqbmdv;04/10/23;Molto bassa;Neutro;Buona;Bassa;
AYqiD0Vb882CViJqbmds;04/10/23;Molto bassa;Facile;Buona;Buona;
AYqiD0Vb882CViJqbmdq;04/10/23;Molto bassa;Molto facile;Molto buona;Molto buona;
AYqiD0Vb882CViJqbmdw;04/10/23;Molto bassa;Molto facile;Molto buona;Molto buona;
AYqiD0Vt882CViJqbmd0;04/10/23;Molto bassa;Molto difficile;Molto bassa;Molto bassa;
AYqiD0Wg882CViJqbmd8;04/10/23;Molto bassa;Molto facile;Molto buona;Molto buona;
AYqiD0Wg882CViJqbmd9;04/10/23;Molto bassa;Molto facile;Molto buona;Molto buona;
AYqiD0Wg882CViJqbmd-;04/10/23;Molto bassa;Molto facile;Molto buona;Molto buona;
AYqiD0ER882CViJqbmYA;04/10/23;Molto bassa;Molto facile;Molto buona;Molto buona;
AYqiD0ER882CViJqbmYB;04/10/23;Molto bassa;Molto facile;Molto buona;Molto buona;
AYqiD0F7882CViJqbmZe;04/10/23;Molto bassa;Facile;Buona;Buona;
AYqiD0F7882CViJqbmZb;04/10/23;Molto bassa;Molto facile;Molto buona;Molto buona;
AYqiD0F7882CViJqbmZc;04/10/23;Molto bassa;Molto facile;Molto buona;Molto buona;
AYqiD0F7882CViJqbmZZ;04/10/23;Molto bassa;Facile;Buona;Buona;
AYqiD0F7882CViJqbmZd;04/10/23;Molto bassa;Neutro;Buona;Bassa;
AYqiD0F7882CViJqbmZa;04/10/23;Molto bassa;Molto facile;Molto buona;Molto buona;
AYqiD0F7882CViJqbmZf;04/10/23;Molto bassa;Molto difficile;Molto bassa;Molto bassa;
AYqiD0GC882CViJqbmZg;05/10/23;Molto bassa;Molto facile;Molto buona;Molto buona;
AYqiD0Fl882CViJqbmZL;05/10/23;Molto bassa;Molto facile;Molto buona;Molto buona;
AYqiD0Fx882CViJqbmZM;05/10/23;Molto bassa;Molto facile;Molto buona;Molto buona;
AYqiD0Fx882CViJqbmZN;05/10/23;Molto bassa;Molto facile;Molto buona;Molto buona;
AYqiD0Fx882CViJqbmZO;05/10/23;Molto bassa;Molto facile;Molto buona;Molto buona;
AYqiD0Fx882CViJqbmZP;05/10/23;Molto bassa;Molto facile;Molto buona;Molto buona;
AYqiD0Fx882CViJqbmZQ;05/10/23;Molto bassa;Molto facile;Molto buona;Molto buona;
AYqiD0Fx882CViJqbmZR;05/10/23;Molto bassa;Molto facile;Molto buona;Molto buona;
AYqiD0Fx882CViJqbmZU;05/10/23;Molto bassa;Molto facile;Molto buona;Buona;
AYqiD0Fx882CViJqbmZS;05/10/23;Molto bassa;Molto facile;Molto buona;Molto buona;
AYqiD0Fx882CViJqbmZV;05/10/23;Molto bassa;Molto difficile;Molto bassa;Molto bassa;
AYqiD0Fx882CViJqbmZW;05/10/23;Molto bassa;Difficile;Bassa;Bassa;
AYqiD0Fx882CViJqbmZX;05/10/23;Molto bassa;Difficile;Bassa;Bassa;
AYqiD0Fx882CViJqbmZT;05/10/23;Molto bassa;Molto facile;Molto buona;Molto buona;
AYqiD0Fx882CViJqbmZY;05/10/23;Molto bassa;Molto difficile;Molto bassa;Molto bassa;
AYqiD0E7882CViJqbmYm;05/10/23;Molto bassa;Neutro;Buona;Bassa;
AYqiD0E7882CViJqbmYr;05/10/23;Molto bassa;Molto facile;Molto buona;Molto buona;
AYqiD0E7882CViJqbmYn;05/10/23;Molto bassa;Molto facile;Molto buona;Molto buona;
AYqiD0E7882CViJqbmYs;05/10/23;Molto bassa;Molto facile;Molto buona;Molto buona;
AYqiD0E7882CViJqbmYo;05/10/23;Molto bassa;Difficile;Bassa;Bassa;
AYqiD0E7882CViJqbmYt;05/10/23;Molto bassa;Molto difficile;Molto bassa;Molto bassa;
AYqiD0E7882CViJqbmYp;05/10/23;Molto bassa;Molto facile;Molto buona;Molto buona;
AYqiD0E7882CViJqbmYu;05/10/23;Molto bassa;Molto facile;Molto buona;Molto buona;
AYqiD0E7882CViJqbmYq;05/10/23;Molto bassa;Facile;Buona;Buona;
AYqiD0FX882CViJqbmZB;05/10/23;Molto bassa;Molto facile;Molto buona;Molto buona;
AYqiD0FX882CViJqbmZC;05/10/23;Molto bassa;Molto difficile;Molto bassa;Molto bassa;
AYqiD0FX882CViJqbmZD;05/10/23;Molto bassa;Facile;Buona;Media;
AYqiD0FX882CViJqbmZE;05/10/23;Molto bassa;Facile;Buona;Buona;
AYqiD0FX882CViJqbmZA;05/10/23;Molto bassa;Molto facile;Molto buona;Molto buona;
AYqiD0FX882CViJqbmZF;05/10/23;Molto bassa;Facile;Buona;Buona;
AYqiD0FX882CViJqbmZG;05/10/23;Molto bassa;Difficile;Bassa;Bassa;
AYqiD0FX882CViJqbmZH;05/10/23;Molto bassa;Molto facile;Molto buona;Molto buona;
AYqiD0FX882CViJqbmY_;05/10/23;Molto bassa;Molto facile;Molto buona;Molto buona;
AYqiD0FX882CViJqbmZI;05/10/23;Molto bassa;Facile;Buona;Buona;
AYqiD0Fe882CViJqbmZJ;05/10/23;Molto bassa;Facile;Buona;Buona;
AYqiD0Fe882CViJqbmZK;05/10/23;Molto bassa;Facile;Buona;Buona;
AYqiD0Ey882CViJqbmYV;05/10/23;Molto bassa;Facile;Buona;Buona;
AYqiD0Ey882CViJqbmYg;05/10/23;Molto bassa;Difficile;Bassa;Bassa;
AYqiD0Ey882CViJqbmYW;05/10/23;Molto bassa;Facile;Buona;Buona;
AYqiD0Ey882CViJqbmYh;05/10/23;Molto bassa;Difficile;Bassa;Bassa;
AYqiD0Ey882CViJqbmYX;05/10/23;Molto bassa;Facile;Buona;Buona;
AYqiD0Ey882CViJqbmYi;05/10/23;Molto bassa;Difficile;Bassa;Bassa;
AYqiD0Ey882CViJqbmYY;05/10/23;Molto bassa;Facile;Buona;Buona;
AYqiD0Ey882CViJqbmYj;05/10/23;Molto bassa;Difficile;Bassa;Bassa;
AYqiD0Ey882CViJqbmYZ;05/10/23;Molto bassa;Facile;Buona;Buona;
AYqiD0Ey882CViJqbmYk;05/10/23;Molto bassa;Difficile;Bassa;Bassa;
AYqiD0Ey882CViJqbmYa;05/10/23;Molto bassa;Facile;Buona;Buona;
AYqiD0Ey882CViJqbmYl;05/10/23;Molto bassa;Difficile;Bassa;Bassa;
AYqiD0Ey882CViJqbmYb;05/10/23;Molto bassa;Facile;Buona;Buona;
AYqiD0Ey882CViJqbmYc;05/10/23;Molto bassa;Facile;Buona;Buona;
AYqiD0Ey882CViJqbmYd;05/10/23;Molto bassa;Facile;Buona;Buona;
AYqiD0Ey882CViJqbmYe;05/10/23;Molto bassa;Facile;Buona;Buona;
AYqiD0Ey882CViJqbmYf;05/10/23;Molto bassa;Facile;Buona;Buona;
AYqiD0FP882CViJqbmY9;05/10/23;Molto bassa;Facile;Buona;Media;
AYqiD0FP882CViJqbmY8;05/10/23;Molto bassa;Facile;Buona;Buona;
AYqiD0FP882CViJqbmY-;05/10/23;Molto bassa;Molto facile;Molto buona;Molto buona;
AYqiD0FE882CViJqbmYv;06/10/23;Molto bassa;Molto facile;Molto buona;Molto buona;
AYqiD0FE882CViJqbmYw;06/10/23;Molto bassa;Molto facile;Molto buona;Molto buona;
AYqiD0FE882CViJqbmYx;06/10/23;Molto bassa;Molto facile;Molto buona;Molto buona;
AYqiD0FE882CViJqbmYy;06/10/23;Molto bassa;Molto facile;Molto buona;Molto buona;
AYqiD0FE882CViJqbmYz;06/10/23;Molto bassa;Molto facile;Molto buona;Molto buona;
AYqiD0FE882CViJqbmY0;06/10/23;Molto bassa;Molto facile;Molto buona;Molto buona;
AYqiD0FE882CViJqbmY3;06/10/23;Molto bassa;Molto facile;Molto buona;Molto buona;
AYqiD0FE882CViJqbmY1;06/10/23;Molto bassa;Molto facile;Molto buona;Molto buona;
AYqiD0FE882CViJqbmY4;06/10/23;Molto bassa;Difficile;Bassa;Bassa;
AYqiD0FE882CViJqbmY5;06/10/23;Molto bassa;Facile;Buona;Buona;
AYqiD0FE882CViJqbmY6;06/10/23;Molto bassa;Facile;Buona;Buona;
AYqiD0FE882CViJqbmY2;06/10/23;Molto bassa;Molto facile;Molto buona;Molto buona;
AYqiD0FE882CViJqbmY7;06/10/23;Molto bassa;Molto difficile;Molto bassa;Molto bassa;
AYqiD0Ep882CViJqbmYI;06/10/23;Molto bassa;Molto facile;Molto buona;Molto buona;
AYqiD0Ep882CViJqbmYJ;06/10/23;Molto bassa;Molto facile;Molto buona;Molto buona;
AYqiD0Ep882CViJqbmYK;06/10/23;Molto bassa;Molto facile;Molto buona;Molto buona;
AYqiD0Ep882CViJqbmYL;06/10/23;Molto bassa;Molto facile;Molto buona;Molto buona;
AYqiD0Ep882CViJqbmYM;06/10/23;Molto bassa;Molto facile;Molto buona;Molto buona;
AYqiD0Ep882CViJqbmYN;06/10/23;Molto bassa;Molto facile;Molto buona;Molto buona;
AYqiD0Ep882CViJqbmYQ;06/10/23;Molto bassa;Molto facile;Molto buona;Molto buona;
AYqiD0Ep882CViJqbmYO;06/10/23;Molto bassa;Molto facile;Molto buona;Molto buona;
AYqiD0Ep882CViJqbmYR;06/10/23;Molto bassa;Facile;Buona;Buona;
AYqiD0Ep882CViJqbmYS;06/10/23;Molto bassa;Facile;Buona;Buona;
AYqiD0Ep882CViJqbmYT;06/10/23;Molto bassa;Facile;Buona;Buona;
AYqiD0Ep882CViJqbmYP;06/10/23;Molto bassa;Molto facile;Molto buona;Molto buona;
AYqiD0Ep882CViJqbmYU;06/10/23;Molto bassa;Molto difficile;Molto bassa;Molto bassa;
AYqiD0Eg882CViJqbmYC;06/10/23;Molto bassa;Molto facile;Molto buona;Molto buona;
AYqiD0Eg882CViJqbmYG;06/10/23;Molto bassa;Difficile;Bassa;Molto bassa;
AYqiD0Eg882CViJqbmYD;06/10/23;Molto bassa;Facile;Buona;Buona;
AYqiD0Eg882CViJqbmYE;06/10/23;Molto bassa;Facile;Buona;Buona;
AYqiD0Eg882CViJqbmYF;06/10/23;Molto bassa;Difficile;Bassa;Bassa;
AYqiD0Eg882CViJqbmYH;06/10/23;Molto bassa;Molto difficile;Molto bassa;Molto bassa;
AYqiD0G2882CViJqbmZw;07/10/23;Molto bassa;Facile;Buona;Buona;
AYqiD0Gc882CViJqbmZk;07/10/23;Molto bassa;Molto difficile;Molto bassa;Molto bassa;
AYqiD0Gc882CViJqbmZl;07/10/23;Molto bassa;Molto facile;Molto buona;Molto buona;
AYqiD0Gc882CViJqbmZm;07/10/23;Molto bassa;Molto facile;Molto buona;Molto buona;
AYqiD0Gc882CViJqbmZn;07/10/23;Molto bassa;Molto facile;Molto buona;Molto buona;
AYqiD0Gc882CViJqbmZo;07/10/23;Molto bassa;Molto facile;Molto buona;Molto buona;
AYqiD0Gc882CViJqbmZp;07/10/23;Molto bassa;Molto facile;Molto buona;Molto buona;
AYqiD0Gc882CViJqbmZq;07/10/23;Molto bassa;Molto facile;Molto buona;Molto buona;
AYqiD0Vm882CViJqbmdx;07/10/23;Molto bassa;Difficile;Bassa;Bassa;A seguito della risoluzione di questa issue, ultima dell'ActionPlan#31, abbiamo riscontrato due nuove issue introdotte, che riguardano un file diverso da quello analizzato nel corrente AP. Abbiamo quindi creato l'ActionPlan#31-1 per risolvere queste nuove issue e riallineare le due analisi. 
AYqiD0U9882CViJqbmdW;07/10/23;Molto bassa;Difficile;Bassa;Bassa;
AYqiD0HA882CViJqbmZx;07/10/23;Molto bassa;Facile;Buona;Buona;
AYqiD0Gl882CViJqbmZr;07/10/23;Molto bassa;Difficile;Bassa;Bassa;
AYqiD0Gt882CViJqbmZs;07/10/23;Molto bassa;Facile;Buona;Buona;
AYqiD0Gt882CViJqbmZt;07/10/23;Molto bassa;Facile;Buona;Buona;
AYqiD0Gt882CViJqbmZu;07/10/23;Molto bassa;Facile;Buona;Buona;
AYqiD0Gt882CViJqbmZv;07/10/23;Molto bassa;Facile;Buona;Buona;
AYqiD0KR882CViJqbmaM;07/10/23;Molto bassa;Molto facile;Molto buona;Molto buona;
AYqiD0KK882CViJqbmaL;07/10/23;Molto bassa;Molto facile;Molto buona;Molto buona;
AYqiD0KK882CViJqbmaI;07/10/23;Molto bassa;Molto facile;Molto buona;Molto buona;
AYqiD0KK882CViJqbmaJ;07/10/23;Molto bassa;Molto facile;Molto buona;Molto buona;
AYqiD0KK882CViJqbmaK;07/10/23;Molto bassa;Molto facile;Molto buona;Molto buona;
AYqiD0Jq882CViJqbmaA;07/10/23;Molto bassa;Facile;Buona;Buona;
AYqiD0Jq882CViJqbmaB;07/10/23;Molto bassa;Molto facile;Molto buona;Molto buona;
AYqiD0Jq882CViJqbmaC;07/10/23;Molto bassa;Facile;Buona;Buona;
AYqiD0Jq882CViJqbmaD;07/10/23;Molto bassa;Molto facile;Molto buona;Molto buona;
AYqiD0Jq882CViJqbmaE;07/10/23;Molto bassa;Facile;Buona;Buona;
AYqiD0Jq882CViJqbmaF;07/10/23;Molto bassa;Molto facile;Molto buona;Molto buona;
AYqiD0Jq882CViJqbmaG;07/10/23;Molto bassa;Difficile;Bassa;Bassa;
AYqiD0Jq882CViJqbmZ-;07/10/23;Molto bassa;Facile;Buona;Buona;
AYqiD0Jq882CViJqbmZ_;07/10/23;Molto bassa;Facile;Buona;Buona;
AYqiD0JG882CViJqbmZ7;07/10/23;Molto bassa;Molto facile;Molto buona;Molto buona;
AYqiD0Iy882CViJqbmZ4;07/10/23;Molto bassa;Molto facile;Molto buona;Molto buona;
AYqiD0Iy882CViJqbmZ5;07/10/23;Molto bassa;Molto facile;Molto buona;Molto buona;
AYqiD0IN882CViJqbmZ1;07/10/23;Molto bassa;Facile;Buona;Buona;
AYqiD0Je882CViJqbmZ8;08/10/23;Molto bassa;Difficile;Bassa;Bassa;
AYqiD0Je882CViJqbmZ9;08/10/23;Molto bassa;Difficile;Bassa;Bassa;
AYqiD0Hs882CViJqbmZy;08/10/23;Molto bassa;Difficile;Bassa;Bassa;
AYqiD0J0882CViJqbmaH;08/10/23;Molto bassa;Molto facile;Molto buona;Molto buona;
AYqiD0MR882CViJqbmat;08/10/23;Molto bassa;Facile;Buona;Buona;
AYqiD0MR882CViJqbmau;08/10/23;Molto bassa;Facile;Buona;Buona;
AYqiD0Ir882CViJqbmZ2;08/10/23;Molto bassa;Molto facile;Molto buona;Molto buona;
AYqiD0Ir882CViJqbmZ3;08/10/23;Molto bassa;Molto facile;Molto buona;Molto buona;
AYqiD0I9882CViJqbmZ6;08/10/23;Molto bassa;Difficile;Bassa;Bassa;
AYqiD0Hz882CViJqbmZz;08/10/23;Molto bassa;Facile;Buona;Buona;
AYqiD0Hz882CViJqbmZ0;08/10/23;Molto bassa;Molto facile;Molto buona;Molto buona;
AYqiD0Cb882CViJqbmXW;08/10/23;Molto bassa;Facile;Buona;Buona;
AYqiD0KY882CViJqbmaN;08/10/23;Molto bassa;Facile;Buona;Buona;
AYqiD0C2882CViJqbmXw;08/10/23;Molto bassa;Facile;Buona;Buona;
AYqiD0C2882CViJqbmXt;08/10/23;Molto bassa;Molto facile;Molto buona;Molto buona;
AYqiD0C2882CViJqbmXu;08/10/23;Molto bassa;Molto difficile;Molto bassa;Molto bassa;
AYqiD0C2882CViJqbmXr;08/10/23;Molto bassa;Molto facile;Molto buona;Molto buona;
AYqiD0C2882CViJqbmXv;08/10/23;Molto bassa;Facile;Buona;Buona;
AYqiD0C2882CViJqbmXs;08/10/23;Molto bassa;Molto facile;Molto buona;Molto buona;
AYqiD0C2882CViJqbmXx;08/10/23;Molto bassa;Molto difficile;Molto bassa;Molto bassa;A seguito della risoluzione di questa issue, ultima dell'ActionPlan#47, abbiamo riscontrato due nuove issue introdotte, che riguardano un file diverso da quello analizzato nel corrente AP. Abbiamo quindi creato l'ActionPlan#47-1 per risolvere queste nuove issue e riallineare le due analisi.
AYqiD0C2882CViJqbmXx-1;08/10/23;Molto bassa;Molto facile;Molto buona;Molto buona;
AYqiD0C2882CViJqbmXx-2;08/10/23;Molto bassa;Molto difficile;Molto bassa;Molto bassa;
AYqiD0C2882CViJqbmXx-3;08/10/23;Molto bassa;Molto facile;Molto buona;Molto buona;
AYqiD0C2882CViJqbmXx-4;08/10/23;Molto bassa;Molto facile;Molto buona;Molto buona;
AYqiD0Cl882CViJqbmXZ;08/10/23;Molto bassa;Facile;Buona;Buona;
AYqiD0Cl882CViJqbmXa;08/10/23;Molto bassa;Difficile;Bassa;Bassa;
AYqiD0Cl882CViJqbmXb;08/10/23;Molto bassa;Facile;Buona;Buona;
AYqiD0Cl882CViJqbmXc;08/10/23;Molto bassa;Facile;Buona;Buona;
AYqiD0Cl882CViJqbmXX;08/10/23;Molto bassa;Neutro;Buona;Bassa;
AYqiD0Cl882CViJqbmXY;08/10/23;Molto bassa;Difficile;Bassa;Bassa;
AYqiD0Cl882CViJqbmXd;08/10/23;Molto bassa;Difficile;Bassa;Bassa;
AYqiD0CP882CViJqbmXT;08/10/23;Molto bassa;Facile;Buona;Buona;
AYqiD0CP882CViJqbmXS;08/10/23;Molto bassa;Molto facile;Molto buona;Molto buona;
AYqiD0CP882CViJqbmXN;08/10/23;Molto bassa;Molto facile;Molto buona;Molto buona;
AYqiD0CP882CViJqbmXU;08/10/23;Molto bassa;Molto facile;Molto buona;Buona;
AYqiD0CP882CViJqbmXR;08/10/23;Molto bassa;Facile;Buona;Buona;
AYqiD0CP882CViJqbmXQ;08/10/23;Molto bassa;Molto difficile;Molto bassa;Molto bassa;
AYqiD0CP882CViJqbmXO;08/10/23;Molto bassa;Molto facile;Molto buona;Molto buona;
AYqiD0CP882CViJqbmXV;08/10/23;Molto bassa;Molto facile;Molto buona;Molto buona;
AYqiD0CP882CViJqbmXP;08/10/23;Molto bassa;Molto facile;Molto buona;Molto buona;
AYqiD0A0882CViJqbmW0;08/10/23;Molto bassa;Difficile;Bassa;Bassa;
AYqiD0A0882CViJqbmW1;08/10/23;Molto bassa;Difficile;Bassa;Bassa;
AYqiD0A0882CViJqbmW2;08/10/23;Molto bassa;Difficile;Bassa;Bassa;
AYqiD0A0882CViJqbmW3;08/10/23;Molto bassa;Molto difficile;Molto bassa;Molto bassa;
AYqiD0A0882CViJqbmW4;08/10/23;Molto bassa;Facile;Buona;Buona;
AYqiD0A0882CViJqbmW5;08/10/23;Molto bassa;Facile;Buona;Buona;
AYqiD0A0882CViJqbmW6;08/10/23;Molto bassa;Facile;Buona;Buona;
AYqiD0A0882CViJqbmW7;08/10/23;Molto bassa;Facile;Buona;Buona;
AYqiD0A0882CViJqbmW8;08/10/23;Molto bassa;Molto difficile;Molto bassa;Molto bassa;
AYqiD0Cu882CViJqbmXe;09/10/23;Molto bassa;Molto facile;Molto buona;Molto buona;
AYqiD0Cu882CViJqbmXf;09/10/23;Molto bassa;Molto facile;Molto buona;Molto buona;
AYqiD0Cu882CViJqbmXg;09/10/23;Molto bassa;Molto facile;Molto buona;Molto buona;
AYqiD0Cu882CViJqbmXh;09/10/23;Molto bassa;Molto facile;Molto buona;Molto buona;
AYqiD0Cu882CViJqbmXi;09/10/23;Molto bassa;Molto facile;Molto buona;Molto buona;
AYqiD0Cu882CViJqbmXj;09/10/23;Molto bassa;Molto facile;Molto buona;Molto buona;
AYqiD0Cu882CViJqbmXm;09/10/23;Molto bassa;Molto facile;Molto buona;Molto buona;
AYqiD0Cu882CViJqbmXk;09/10/23;Molto bassa;Molto facile;Molto buona;Molto buona;
AYqiD0Cu882CViJqbmXn;09/10/23;Molto bassa;Facile;Buona;Buona;
AYqiD0Cu882CViJqbmXo;09/10/23;Molto bassa;Facile;Buona;Buona;
AYqiD0Cu882CViJqbmXp;09/10/23;Molto bassa;Facile;Buona;Buona;
AYqiD0Cu882CViJqbmXl;09/10/23;Molto bassa;Molto facile;Molto buona;Molto buona;
AYqiD0Cu882CViJqbmXq;09/10/23;Molto bassa;Molto difficile;Molto bassa;Molto bassa;
AYqiDz_8882CViJqbmWm;09/10/23;Molto bassa;Molto facile;Molto buona;Molto buona;
AYqiD0AT882CViJqbmWo;09/10/23;Molto bassa;Molto facile;Molto buona;Molto buona;
AYqiD0Ad882CViJqbmWt;09/10/23;Molto bassa;Molto facile;Molto buona;Molto buona;
AYqiD0Ad882CViJqbmWr;09/10/23;Molto bassa;Molto facile;Molto buona;Molto buona;
AYqiD0Ad882CViJqbmWs;09/10/23;Molto bassa;Molto facile;Molto buona;Buona;
AYqiD0Ad882CViJqbmWp;09/10/23;Molto bassa;Molto facile;Molto buona;Molto buona;
AYqiD0Ad882CViJqbmWq;09/10/23;Molto bassa;Molto facile;Molto buona;Molto buona;
AYqiD0Ad882CViJqbmWu;09/10/23;Molto bassa;Difficile;Bassa;Bassa;
AYqiD0Ar882CViJqbmWz;09/10/23;Molto bassa;Facile;Buona;Buona;
AYqiD0AK882CViJqbmWn;09/10/23;Molto bassa;Molto facile;Molto buona;Molto buona;
AYqiDz_Z882CViJqbmWV;09/10/23;Molto bassa;Molto facile;Molto buona;Molto buona;
AYqiDz_Z882CViJqbmWY;09/10/23;Molto bassa;Facile;Buona;Media;
AYqiDz_Z882CViJqbmWW;09/10/23;Molto bassa;Facile;Buona;Media;
AYqiDz_Z882CViJqbmWX;09/10/23;Molto bassa;Facile;Buona;Media;
AYqiDz_Z882CViJqbmWZ;09/10/23;Molto bassa;Facile;Buona;Media;
AYqiDz_Z882CViJqbmWU;09/10/23;Molto bassa;Facile;Buona;Buona;
AYqiDz_P882CViJqbmWT;09/10/23;Molto bassa;Molto facile;Molto buona;Molto buona;
AYqiDz_P882CViJqbmWS;09/10/23;Molto bassa;Molto facile;Molto buona;Molto buona;
AYqiDz_I882CViJqbmWR;09/10/23;Molto bassa;Facile;Buona;Buona;
AYqiDz_i882CViJqbmWa;09/10/23;Molto bassa;Molto facile;Molto buona;Molto buona;
AYqiDz-i882CViJqbmV-;09/10/23;Molto bassa;Molto facile;Molto buona;Molto buona;
AYqiDz-i882CViJqbmV_;09/10/23;Molto bassa;Facile;Buona;Buona;
AYqiDz_B882CViJqbmWP;09/10/23;Molto bassa;Facile;Buona;Buona;
AYqiDz_B882CViJqbmWO;09/10/23;Molto bassa;Molto facile;Molto buona;Molto buona;
AYqiDz_B882CViJqbmWQ;09/10/23;Molto bassa;Molto facile;Molto buona;Molto buona;
AYqiD0BC882CViJqbmW9;09/10/23;Molto bassa;Molto difficile;Molto bassa;Molto bassa;
AYqiD0B7882CViJqbmXL;09/10/23;Molto bassa;Molto facile;Molto buona;Molto buona;
AYqiD0Bx882CViJqbmXJ;10/10/23;Molto bassa;Molto facile;Molto buona;Molto buona;
AYqiD0Bx882CViJqbmXK;10/10/23;Molto bassa;Molto facile;Molto buona;Molto buona;
AYqiD0BZ882CViJqbmXB;10/10/23;Molto bassa;Molto facile;Molto buona;Molto buona;
AYqiDz9_882CViJqbmV1;10/10/23;Molto bassa;Molto facile;Molto buona;Molto buona;
AYqiDz9_882CViJqbmV2;10/10/23;Molto bassa;Facile;Buona;Buona;
AYqiD0Al882CViJqbmWv;10/10/23;Molto bassa;Molto difficile;Molto bassa;Molto bassa;
AYqiD0Al882CViJqbmWx;10/10/23;Molto bassa;Molto facile;Molto buona;Molto buona;
AYqiD0Al882CViJqbmWy;10/10/23;Molto bassa;Molto facile;Molto buona;Molto buona;
AYqiD0Al882CViJqbmWw;10/10/23;Molto bassa;Molto facile;Molto buona;Molto buona;
AYqiDz-s882CViJqbmWA;10/10/23;Molto bassa;Molto facile;Molto buona;Molto buona;
AYqiDz-s882CViJqbmWB;10/10/23;Molto bassa;Molto facile;Molto buona;Molto buona;
AYqiDz-s882CViJqbmWC;10/10/23;Molto bassa;Facile;Buona;Buona;
AYqiDz-s882CViJqbmWD;10/10/23;Molto bassa;Facile;Buona;Buona;
AYqiDz-s882CViJqbmWE;10/10/23;Molto bassa;Molto difficile;Molto bassa;Molto bassa;
AYqiDz_s882CViJqbmWe;10/10/23;Molto bassa;Difficile;Bassa;Bassa;
AYqiDz_s882CViJqbmWc;10/10/23;Molto bassa;Molto facile;Molto buona;Molto buona;
AYqiDz_s882CViJqbmWb;10/10/23;Molto bassa;Molto facile;Molto buona;Molto buona;
AYqiDz_s882CViJqbmWd;10/10/23;Molto bassa;Molto facile;Molto buona;Molto buona;A seguito della risoluzione di questa issue, ultima dell'ActionPlan#61, e dopo aver eseguito il merge sul main, ci siamo accorti che vi erano un paio di issue che non risultano ancora risolte. Abbiamo quindi creato l'ActionPlan#61-1 per risolvere queste issue e riallineare le due analisi.
AYqiDz_s882CViJqbmWc;10/10/23;Molto bassa;Molto facile;Molto buona;Molto buona;
AYqiDz_s882CViJqbmWb;10/10/23;Molto bassa;Molto facile;Molto buona;Molto buona;
AYqiDz9s882CViJqbmV0;10/10/23;Molto bassa;Facile;Buona;Buona;
AYqiDz9s882CViJqbmVz;10/10/23;Molto bassa;Molto facile;Molto buona;Molto buona;
AYqiD0EC882CViJqbmX-;10/10/23;Molto bassa;Difficile;Bassa;Bassa;
AYqiD0EC882CViJqbmX_;10/10/23;Molto bassa;Molto facile;Molto buona;Molto buona;
AYqiD0DS882CViJqbmXz;10/10/23;Molto bassa;Facile;Buona;Buona;
AYqiD0DS882CViJqbmX0;10/10/23;Molto bassa;Facile;Buona;Buona;
AYqiD0DS882CViJqbmX1;10/10/23;Molto bassa;Facile;Buona;Buona;
AYqiD0DS882CViJqbmX2;10/10/23;Molto bassa;Facile;Buona;Buona;
AYqiD0DS882CViJqbmX3;10/10/23;Molto bassa;Facile;Buona;Buona;
AYqiD0DT882CViJqbmX4;10/10/23;Molto bassa;Facile;Buona;Buona;
AYqiD0DT882CViJqbmX5;10/10/23;Molto bassa;Facile;Buona;Buona;
AYqiD0DT882CViJqbmX6;10/10/23;Molto bassa;Facile;Buona;Buona;
AYqiD0DT882CViJqbmX7;10/10/23;Molto bassa;Facile;Buona;Buona;
AYqiD0DA882CViJqbmXy;10/10/23;Molto bassa;Facile;Buona;Buona;
AYqiD0Ku882CViJqbmaO;10/10/23;Molto bassa;Molto facile;Molto buona;Molto buona;
AYqiDz-z882CViJqbmWF;11/10/23;Molto bassa;Molto facile;Molto buona;Molto buona;
AYqiDz_1882CViJqbmWg;11/10/23;Molto bassa;Molto facile;Molto buona;Molto buona;
AYqiDz_1882CViJqbmWh;11/10/23;Molto bassa;Molto facile;Molto buona;Molto buona;
AYqiDz_1882CViJqbmWf;11/10/23;Molto bassa;Molto facile;Molto buona;Molto buona;
AYqiDz_1882CViJqbmWi;11/10/23;Molto bassa;Molto facile;Molto buona;Molto buona;
AYqiDz_1882CViJqbmWj;11/10/23;Molto bassa;Molto facile;Molto buona;Molto buona;
AYqiDz_1882CViJqbmWk;11/10/23;Molto bassa;Molto facile;Molto buona;Molto buona;
AYqiDz_1882CViJqbmWl;11/10/23;Molto bassa;Facile;Buona;Buona;
AYqiDz-b882CViJqbmV9;11/10/23;Molto bassa;Molto facile;Molto buona;Molto buona;
AYqiDz-6882CViJqbmWG;11/10/23;Molto bassa;Molto facile;Molto buona;Molto buona;
AYqiDz-6882CViJqbmWM;11/10/23;Molto bassa;Molto facile;Molto buona;Molto buona;
AYqiDz-6882CViJqbmWL;11/10/23;Molto bassa;Molto difficile;Molto bassa;Molto bassa;
AYqiDz-6882CViJqbmWN;11/10/23;Molto bassa;Molto facile;Molto buona;Molto buona;
AYqiDz-6882CViJqbmWH;11/10/23;Molto bassa;Molto facile;Molto buona;Molto buona;
AYqiDz-6882CViJqbmWI;11/10/23;Molto bassa;Molto facile;Molto buona;Molto buona;
AYqiDz-6882CViJqbmWJ;11/10/23;Molto bassa;Molto difficile;Molto bassa;Molto bassa;
AYqiDz-6882CViJqbmWK;11/10/23;Molto bassa;Molto facile;Molto buona;Molto buona;
AYqiD0BJ882CViJqbmW-;12/10/23;Molto bassa;Molto facile;Molto buona;Molto buona;
AYqiD0BJ882CViJqbmW_;12/10/23;Molto bassa;Molto difficile;Molto bassa;Molto bassa;
AYqiD0CH882CViJqbmXM;12/10/23;Molto bassa;Molto facile;Molto buona;Molto buona;
AYqiD0Bj882CViJqbmXC;12/10/23;Molto bassa;Molto facile;Molto buona;Molto buona;
AYqiD0BT882CViJqbmXA;12/10/23;Molto bassa;Molto facile;Molto buona;Molto buona;
AYqiD0Br882CViJqbmXF;12/10/23;Molto bassa;Molto facile;Molto buona;Molto buona;
AYqiD0Br882CViJqbmXG;12/10/23;Molto bassa;Molto difficile;Molto bassa;Molto bassa;
AYqiD0Br882CViJqbmXH;12/10/23;Molto bassa;Molto difficile;Molto bassa;Molto bassa;
AYqiD0Br882CViJqbmXI;12/10/23;Molto bassa;Molto difficile;Molto bassa;Molto bassa;
AYqiD0Br882CViJqbmXD;12/10/23;Molto bassa;Molto facile;Molto buona;Molto buona;
AYqiD0Br882CViJqbmXE;12/10/23;Molto bassa;Molto facile;Molto buona;Molto buona;
AYqiDz-N882CViJqbmV7;12/10/23;Molto bassa;Molto difficile;Molto bassa;Molto bassa;
AYqiDz-N882CViJqbmV8;12/10/23;Molto bassa;Molto facile;Molto buona;Molto buona;
AYqiDz-G882CViJqbmV4;12/10/23;Molto bassa;Facile;Buona;Buona;
AYqiDz-G882CViJqbmV5;12/10/23;Molto bassa;Facile;Buona;Buona;
AYqiDz-G882CViJqbmV6;12/10/23;Molto bassa;Molto difficile;Molto bassa;Molto bassa;
AYqiDz-G882CViJqbmV3;12/10/23;Molto bassa;Facile;Buona;Buona;
AYqiD0Do882CViJqbmX8;12/10/23;Molto bassa;Facile;Buona;Buona;
AYqiD0Dy882CViJqbmX9;12/10/23;Molto bassa;Facile;Buona;Buona;
AYqiD0LJ882CViJqbmaQ;13/10/23;Molto bassa;Facile;Buona;Buona;
AYqiD0Ly882CViJqbmam;13/10/23;Molto bassa;Facile;Buona;Buona;
AYqiD0Ly882CViJqbman;13/10/23;Molto bassa;Molto difficile;Molto bassa;Molto bassa;
AYqiD0Ly882CViJqbmao;13/10/23;Molto bassa;Difficile;Bassa;Bassa;
AYqiD0Ly882CViJqbmap;13/10/23;Molto bassa;Molto facile;Molto buona;Molto buona;
AYqiD0Ly882CViJqbmaq;13/10/23;Molto bassa;Molto difficile;Molto bassa;Molto bassa;
AYqiD0Ly882CViJqbmar;13/10/23;Molto bassa;Molto difficile;Molto bassa;Molto bassa;
AYqiD0Ly882CViJqbmas;13/10/23;Molto bassa;Molto difficile;Molto bassa;Molto bassa;
AYqiD0Ly882CViJqbmam;13/10/23;Molto bassa;Facile;Buona;Buona;
AYqiD0Ly882CViJqbman;13/10/23;Molto bassa;Molto difficile;Molto bassa;Molto bassa;
AYqiD0Ly882CViJqbmao;13/10/23;Molto bassa;Difficile;Bassa;Bassa;
AYqiD0Ly882CViJqbmap;13/10/23;Molto bassa;Molto facile;Molto buona;Molto buona;
AYqiD0Ly882CViJqbmaq;13/10/23;Molto bassa;Molto difficile;Molto bassa;Molto bassa;
AYqiD0Ly882CViJqbmar;13/10/23;Molto bassa;Molto difficile;Molto bassa;Molto bassa;
AYqiD0Ly882CViJqbmas;13/10/23;Molto bassa;Molto difficile;Molto bassa;Molto bassa;
AYqiD0Lo882CViJqbmai;13/10/23;Molto bassa;Facile;Buona;Buona;
AYqiD0Lo882CViJqbmah;13/10/23;Molto bassa;Difficile;Bassa;Bassa;
AYqiD0Lo882CViJqbmag;13/10/23;Molto bassa;Facile;Buona;Buona;
AYqiD0Lo882CViJqbmae;13/10/23;Molto bassa;Molto facile;Molto buona;Molto buona;
AYqiD0Lo882CViJqbmaj;13/10/23;Molto bassa;Facile;Buona;Buona;
AYqiD0Lo882CViJqbmal;13/10/23;Molto bassa;Molto difficile;Molto bassa;Molto bassa;
AYqiD0Lo882CViJqbmaf;13/10/23;Molto bassa;Facile;Buona;Buona;
AYqiD0K1882CViJqbmaP;14/10/23;Molto bassa;Molto facile;Molto buona;Molto buona;
AYqiD0Lf882CViJqbmaR;14/10/23;Molto bassa;Molto facile;Molto buona;Molto buona;
AYqiD0Lf882CViJqbmaS;14/10/23;Molto bassa;Molto facile;Molto buona;Molto buona;
AYqiD0Lf882CViJqbmaT;14/10/23;Molto bassa;Molto facile;Molto buona;Molto buona;
AYqiD0Lf882CViJqbmaU;14/10/23;Molto bassa;Molto facile;Molto buona;Molto buona;
AYqiD0Lf882CViJqbmaV;14/10/23;Molto bassa;Molto facile;Molto buona;Molto buona;
AYqiD0Lf882CViJqbmaW;14/10/23;Molto bassa;Molto facile;Molto buona;Molto buona;
AYqiD0Lf882CViJqbmaZ;14/10/23;Molto bassa;Molto facile;Molto buona;Molto buona;
AYqiD0Lf882CViJqbmaX;14/10/23;Molto bassa;Molto facile;Molto buona;Molto buona;
AYqiD0Lf882CViJqbmaa;14/10/23;Molto bassa;Facile;Buona;Buona;
AYqiD0Lf882CViJqbmab;14/10/23;Molto bassa;Facile;Buona;Buona;
AYqiD0Lf882CViJqbmac;14/10/23;Molto bassa;Facile;Buona;Buona;
AYqiD0Lf882CViJqbmaY;14/10/23;Molto bassa;Molto facile;Molto buona;Molto buona;
AYqiD0Lf882CViJqbmad;14/10/23;Molto bassa;Molto difficile;Molto bassa;Molto bassa;
AYqiDz51882CViJqbmT8;14/10/23;Molto bassa;Facile;Buona;Buona;
AYqiDz51882CViJqbmT9;14/10/23;Molto bassa;Molto facile;Molto buona;Molto buona;
AYqiDz51882CViJqbmT5;14/10/23;Molto bassa;Molto facile;Molto buona;Molto buona;
AYqiDz51882CViJqbmT_;14/10/23;Molto bassa;Molto facile;Molto buona;Molto buona;
AYqiDz51882CViJqbmT6;14/10/23;Molto bassa;Molto difficile;Molto bassa;Molto bassa;
AYqiDz51882CViJqbmUA;14/10/23;Molto bassa;Molto facile;Molto buona;Molto buona;
AYqiDz51882CViJqbmT-;14/10/23;Molto bassa;Molto difficile;Molto bassa;Molto bassa;
AYqiDz51882CViJqbmT7;14/10/23;Molto bassa;Molto difficile;Molto bassa;Molto bassa;
AYqiDz51882CViJqbmUB;14/10/23;Molto bassa;Molto facile;Molto buona;Molto buona;
AYqiDz3T882CViJqbmTb;14/10/23;Molto bassa;Molto facile;Molto buona;Molto buona;
AYqiDz3i882CViJqbmTd;14/10/23;Molto bassa;Molto facile;Molto buona;Molto buona;
AYqiDz59882CViJqbmUE;14/10/23;Molto bassa;Molto facile;Molto buona;Molto buona;
AYqiDz59882CViJqbmUF;14/10/23;Molto bassa;Molto facile;Molto buona;Molto buona;
AYqiDz59882CViJqbmUD;14/10/23;Molto bassa;Molto facile;Molto buona;Molto buona;
AYqiDz59882CViJqbmUC;14/10/23;Molto bassa;Difficile;Bassa;Bassa;
AYqiDz3a882CViJqbmTc;15/10/23;Molto bassa;Facile;Buona;Buona;
AYqiDz6F882CViJqbmUG;15/10/23;Molto bassa;Molto facile;Molto buona;Molto buona;
AYqiDz6F882CViJqbmUI;15/10/23;Molto bassa;Facile;Buona;Buona;
AYqiDz6F882CViJqbmUJ;15/10/23;Molto bassa;Molto difficile;Molto bassa;Molto bassa;
AYqiDz6F882CViJqbmUH;15/10/23;Molto bassa;Molto facile;Molto buona;Molto buona;
AYqiDz6F882CViJqbmUK;15/10/23;Molto bassa;Molto difficile;Molto bassa;Molto bassa;
AYqiDz6c882CViJqbmUY;15/10/23;Molto bassa;Molto facile;Molto buona;Molto buona;
AYqiDz6c882CViJqbmUc;15/10/23;Molto bassa;Molto facile;Molto buona;Molto buona;
AYqiDz6c882CViJqbmUd;15/10/23;Molto bassa;Molto facile;Molto buona;Molto buona;
AYqiDz6c882CViJqbmUe;15/10/23;Molto bassa;Facile;Buona;Buona;
AYqiDz6c882CViJqbmUf;15/10/23;Molto bassa;Facile;Buona;Buona;
AYqiDz6c882CViJqbmUg;15/10/23;Molto bassa;Difficile;Bassa;Bassa;
AYqiDz6c882CViJqbmUh;15/10/23;Molto bassa;Molto facile;Molto buona;Molto buona;
AYqiDz6c882CViJqbmUZ;15/10/23;Molto bassa;Facile;Buona;Buona;
AYqiDz6c882CViJqbmUa;15/10/23;Molto bassa;Molto facile;Molto buona;Molto buona;
AYqiDz6c882CViJqbmUb;15/10/23;Molto bassa;Facile;Buona;Buona;
AYqiDz5a882CViJqbmTn;15/10/23;Molto bassa;Molto facile;Molto buona;Molto buona;
AYqiDz5a882CViJqbmTi;15/10/23;Molto bassa;Molto facile;Molto buona;Molto buona;
AYqiDz5a882CViJqbmTo;15/10/23;Molto bassa;Facile;Buona;Media;
AYqiDz5a882CViJqbmTm;15/10/23;Molto bassa;Molto facile;Molto buona;Molto buona;
AYqiDz5a882CViJqbmTl;15/10/23;Molto bassa;Molto difficile;Molto bassa;Molto bassa;
AYqiDz5a882CViJqbmTj;15/10/23;Molto bassa;Molto facile;Molto buona;Molto buona;
AYqiDz5a882CViJqbmTp;15/10/23;Molto bassa;Facile;Buona;Buona;
AYqiDz5a882CViJqbmTk;15/10/23;Molto bassa;Molto facile;Molto buona;Molto buona;
AYqiDz6R882CViJqbmUL;15/10/23;Molto bassa;Molto facile;Molto buona;Molto buona;
AYqiDz6R882CViJqbmUM;15/10/23;Molto bassa;Molto facile;Molto buona;Molto buona;
AYqiDz6R882CViJqbmUN;15/10/23;Molto bassa;Molto facile;Molto buona;Molto buona;
AYqiDz6R882CViJqbmUO;15/10/23;Molto bassa;Molto facile;Molto buona;Molto buona;
AYqiDz6R882CViJqbmUP;15/10/23;Molto bassa;Molto facile;Molto buona;Molto buona;
AYqiDz6R882CViJqbmUQ;15/10/23;Molto bassa;Molto facile;Molto buona;Molto buona;
AYqiDz6R882CViJqbmUT;15/10/23;Molto bassa;Molto facile;Molto buona;Buona;
AYqiDz6R882CViJqbmUR;15/10/23;Molto bassa;Molto facile;Molto buona;Molto buona;
AYqiDz6R882CViJqbmUU;15/10/23;Molto bassa;Molto difficile;Bassa;Molto bassa;
AYqiDz6R882CViJqbmUV;15/10/23;Molto bassa;Molto difficile;Bassa;Molto bassa;
AYqiDz6R882CViJqbmUW;15/10/23;Molto bassa;Molto difficile;Bassa;Molto bassa;
AYqiDz6R882CViJqbmUS;15/10/23;Molto bassa;Molto facile;Molto buona;Molto buona;
AYqiDz6R882CViJqbmUX;15/10/23;Molto bassa;Molto difficile;Molto bassa;Molto bassa;
AYqiDz5k882CViJqbmTr;15/10/23;Molto bassa;Difficile;Bassa;Bassa;
AYqiDz5k882CViJqbmTq;15/10/23;Molto bassa;Molto facile;Molto buona;Molto buona;
AYqiDz5S882CViJqbmTh;15/10/23;Molto bassa;Molto facile;Molto buona;Molto buona;
AYqiDz4b882CViJqbmTf;15/10/23;Molto bassa;Molto facile;Molto buona;Molto buona;
AYqiDz2q882CViJqbmTa;15/10/23;Molto bassa;Facile;Buona;Buona;
AYqiDz19882CViJqbmTL;15/10/23;Molto bassa;Molto facile;Molto buona;Molto buona;
AYqiDz19882CViJqbmTM;15/10/23;Molto bassa;Molto facile;Molto buona;Molto buona;
AYqiDz19882CViJqbmTN;15/10/23;Molto bassa;Molto facile;Molto buona;Molto buona;
AYqiDz19882CViJqbmTO;15/10/23;Molto bassa;Molto facile;Molto buona;Molto buona;
AYqiDz19882CViJqbmTP;15/10/23;Molto bassa;Molto facile;Molto buona;Molto buona;
AYqiDz19882CViJqbmTQ;15/10/23;Molto bassa;Molto facile;Molto buona;Molto buona;
AYqiDz19882CViJqbmTT;15/10/23;Molto bassa;Facile;Buona;Buona;
AYqiDz19882CViJqbmTR;15/10/23;Molto bassa;Molto facile;Molto buona;Molto buona;
AYqiDz19882CViJqbmTU;15/10/23;Molto bassa;Molto difficile;Bassa;Molto bassa;
AYqiDz19882CViJqbmTV;15/10/23;Molto bassa;Difficile;Bassa;Bassa;
AYqiDz19882CViJqbmTW;15/10/23;Molto bassa;Difficile;Bassa;Bassa;
AYqiDz19882CViJqbmTS;15/10/23;Molto bassa;Molto facile;Molto buona;Molto buona;
AYqiDz19882CViJqbmTX;15/10/23;Molto bassa;Molto difficile;Molto bassa;Molto bassa;
AYqiD0Xw882CViJqbmeD;15/10/23;Molto bassa;Difficile;Bassa;Bassa;
AYqiD0YE882CViJqbmeI;15/10/23;Molto bassa;Difficile;Bassa;Bassa;
AYqiD0YE882CViJqbmeH;15/10/23;Molto bassa;Molto facile;Molto buona;Molto buona;
AYqiD0dI882CViJqbmfx;16/10/23;Molto bassa;Molto facile;Molto buona;Molto buona;
AYqiD0dI882CViJqbmfv;16/10/23;Molto bassa;Molto facile;Molto buona;Molto buona;
AYqiD0dI882CViJqbmfw;16/10/23;Molto bassa;Neutro;Buona;Media;
AYqiD0cu882CViJqbmfl;16/10/23;Molto bassa;Facile;Buona;Buona;
AYqiD0cu882CViJqbmfm;16/10/23;Molto bassa;Facile;Buona;Buona;
AYqiD0cu882CViJqbmfn;16/10/23;Molto bassa;Facile;Buona;Buona;
AYqiD0cu882CViJqbmfo;16/10/23;Molto bassa;Facile;Buona;Buona;
AYqiD0cu882CViJqbmfp;16/10/23;Molto bassa;Facile;Buona;Buona;
AYqiD0cu882CViJqbmfq;16/10/23;Molto bassa;Facile;Buona;Buona;
AYqiD0cu882CViJqbmfr;16/10/23;Molto bassa;Facile;Buona;Buona;
AYqiD0cu882CViJqbmfh;16/10/23;Molto bassa;Molto facile;Molto buona;Molto buona;
AYqiD0cu882CViJqbmfj;16/10/23;Molto bassa;Molto facile;Molto buona;Molto buona;
AYqiD0cu882CViJqbmfi;16/10/23;Molto bassa;Molto facile;Molto buona;Molto buona;
AYqiD0cu882CViJqbmfk;16/10/23;Molto bassa;Facile;Buona;Buona;
AYqiD0cK882CViJqbmfc;16/10/23;Molto bassa;Facile;Buona;Buona;
AYqiD0cD882CViJqbmfZ;16/10/23;Molto bassa;Facile;Buona;Buona;
AYqiD0cD882CViJqbmfb;16/10/23;Molto bassa;Facile;Buona;Buona;
AYqiD0cD882CViJqbmfa;16/10/23;Molto bassa;Molto facile;Molto buona;Molto buona;
AYqiD0dg882CViJqbmf4;17/10/23;Molto bassa;Molto facile;Molto buona;Molto buona;
AYqiD0dg882CViJqbmf6;17/10/23;Molto bassa;Facile;Buona;Buona;
AYqiD0dg882CViJqbmf5;17/10/23;Molto bassa;Molto facile;Molto buona;Molto buona;
AYqiD0dg882CViJqbmf7;17/10/23;Molto bassa;Molto facile;Molto buona;Molto buona;
AYqiD0dg882CViJqbmf8;17/10/23;Molto bassa;Facile;Buona;Buona;
AYqiD0dg882CViJqbmf9;17/10/23;Molto bassa;Facile;Buona;Buona;
AYqiD0c2882CViJqbmfs;17/10/23;Molto bassa;Facile;Buona;Buona;
AYqiD0c2882CViJqbmft;17/10/23;Molto bassa;Facile;Buona;Buona;
AYqiDz5t882CViJqbmTs;19/10/20;Molto bassa;Molto facile;Molto buona;Molto buona;
AYqiDz5t882CViJqbmTt;19/10/20;Molto bassa;Molto facile;Molto buona;Molto buona;
AYqiDz5t882CViJqbmTu;19/10/20;Molto bassa;Molto facile;Molto buona;Molto buona;
AYqiDz5t882CViJqbmTv;19/10/20;Molto bassa;Molto facile;Molto buona;Molto buona;
AYqiDz5t882CViJqbmTw;19/10/20;Molto bassa;Molto facile;Molto buona;Molto buona;
AYqiDz5t882CViJqbmT0;19/10/20;Molto bassa;Molto facile;Molto buona;Molto buona;
AYqiDz5t882CViJqbmTx;19/10/20;Molto bassa;Molto facile;Molto buona;Molto buona;
AYqiDz5t882CViJqbmTy;19/10/20;Molto bassa;Molto facile;Molto buona;Molto buona;
AYqiDz5t882CViJqbmT1;19/10/20;Molto bassa;Facile;Buona;Buona;
AYqiDz5t882CViJqbmT2;19/10/20;Molto bassa;Facile;Buona;Buona;
AYqiDz5t882CViJqbmT3;19/10/20;Molto bassa;Facile;Buona;Buona;
AYqiDz5t882CViJqbmTz;19/10/20;Molto bassa;Molto facile;Molto buona;Molto buona;
AYqiDz5t882CViJqbmT4;19/10/20;Molto bassa;Molto difficile;Molto bassa;Molto bassa;
AYqiDz5K882CViJqbmTg;19/10/23;Molto bassa;Molto facile;Molto buona;Molto buona;
AYqiDz3s882CViJqbmTe;19/10/23;Molto bassa;Molto facile;Molto buona;Molto buona;
AYqiD0cX882CViJqbmfe;19/10/23;Molto bassa;Molto facile;Molto buona;Molto buona;
AYqiD0Za882CViJqbmeT;19/10/23;Molto bassa;Molto difficile;Bassa;Molto bassa;
AYqiD0Za882CViJqbmeS;19/10/23;Molto bassa;Molto facile;Molto buona;Molto buona;
AYqiDzxh882CViJqbmTJ;20/10/23;Molto bassa;Facile;Buona;Buona;
AYqiDzxh882CViJqbmTK;20/10/23;Molto bassa;Molto facile;Molto buona;Molto buona;
AYqiDz2I882CViJqbmTZ;20/10/23;Molto bassa;Facile;Buona;Buona;
AYqiDz2I882CViJqbmTY;20/10/23;Molto bassa;Molto facile;Molto buona;Molto buona;
AYqiD0X4882CViJqbmeG;20/10/23;Molto bassa;Molto difficile;Molto bassa;Molto bassa;
AYqiD0X4882CViJqbmeE;20/10/23;Molto bassa;Molto facile;Molto buona;Molto buona;
AYqiD0X4882CViJqbmeF;20/10/23;Molto bassa;Molto facile;Molto buona;Molto buona;
AYqiD0YO882CViJqbmeJ;20/10/23;Molto bassa;Molto difficile;Molto bassa;Molto bassa;
AYqiD0YO882CViJqbmeL;20/10/23;Molto bassa;Facile;Buona;Buona;
AYqiD0YO882CViJqbmeK;20/10/23;Molto bassa;Molto facile;Molto buona;Molto buona;
AYqiD0ck882CViJqbmfg;20/10/23;Molto bassa;Molto facile;Molto buona;Molto buona;
AYqiD0dB882CViJqbmfu;20/10/23;Molto bassa;Molto facile;Molto buona;Molto buona;
AYqiD0Zo882CViJqbmeb;20/10/23;Molto bassa;Facile;Buona;Buona;
AYqiD0Zo882CViJqbmea;20/10/23;Molto bassa;Molto facile;Molto buona;Molto buona;
AYqiD0Zo882CViJqbmec;20/10/23;Molto bassa;Neutro;Buona;Bassa;
AYqiD0bG882CViJqbme-;20/10/23;Molto bassa;Difficile;Bassa;Bassa;
AYqiD0bG882CViJqbme9;20/10/23;Molto bassa;Molto facile;Molto buona;Molto buona;
AYqiD0bP882CViJqbmfA;20/10/23;Molto bassa;Facile;Buona;Buona;
AYqiD0bP882CViJqbme_;20/10/23;Molto bassa;Molto facile;Molto buona;Molto buona;
AYqiD0Yh882CViJqbmeO;20/10/23;Molto bassa;Facile;Buona;Buona;
AYqiD0bd882CViJqbmfF;20/10/23;Molto bassa;Difficile;Bassa;Bassa;
AYqiD0bd882CViJqbmfE;20/10/23;Molto bassa;Molto facile;Molto buona;Molto buona;
AYqiD0bk882CViJqbmfH;20/10/23;Molto bassa;Difficile;Bassa;Bassa;
AYqiD0bk882CViJqbmfG;20/10/23;Molto bassa;Molto facile;Molto buona;Molto buona;
AYqiD0bk882CViJqbmfI;20/10/23;Molto bassa;Facile;Buona;Buona;
AYqiD0a2882CViJqbme0;20/10/23;Molto bassa;Difficile;Bassa;Bassa;
AYqiD0a2882CViJqbmez;20/10/23;Molto bassa;Molto facile;Molto buona;Molto buona;
AYqiD0ap882CViJqbmew;20/10/23;Molto bassa;Facile;Buona;Buona;
AYqiD0ap882CViJqbmev;20/10/23;Molto bassa;Facile;Buona;Buona;
AYqiD0aS882CViJqbmeq;20/10/23;Molto bassa;Facile;Buona;Buona;
AYqiD0Zh882CViJqbmeU;20/10/23;Molto bassa;Molto facile;Molto buona;Molto buona;
AYqiD0Zh882CViJqbmeV;20/10/23;Molto bassa;Molto facile;Molto buona;Molto buona;
AYqiD0Zh882CViJqbmeW;20/10/23;Molto bassa;Molto facile;Molto buona;Molto buona;
AYqiD0Zh882CViJqbmeX;20/10/23;Molto bassa;Molto facile;Molto buona;Molto buona;
AYqiD0Zh882CViJqbmeY;20/10/23;Molto bassa;Molto facile;Molto buona;Molto buona;
AYqiD0Zh882CViJqbmeZ;20/10/23;Molto bassa;Molto facile;Molto buona;Molto buona;
AYqiD0a_882CViJqbme1;21/10/23;Molto bassa;Difficile;Bassa;Bassa;
AYqiD0a_882CViJqbme2;21/10/23;Molto bassa;Difficile;Bassa;Bassa;
AYqiD0a_882CViJqbme3;21/10/23;Molto bassa;Difficile;Bassa;Bassa;
AYqiD0a_882CViJqbme4;21/10/23;Molto bassa;Difficile;Bassa;Bassa;
AYqiD0a_882CViJqbme5;21/10/23;Molto bassa;Difficile;Bassa;Bassa;
AYqiD0a_882CViJqbme6;21/10/23;Molto bassa;Difficile;Bassa;Bassa;
AYqiD0a_882CViJqbme7;21/10/23;Molto bassa;Difficile;Bassa;Bassa;
AYqiD0a_882CViJqbme8;21/10/23;Molto bassa;Difficile;Bassa;Bassa;
AYqiD0ZC882CViJqbmeQ;21/10/23;Molto bassa;Difficile;Bassa;Bassa;
AYqiD0d1882CViJqbmf-;21/10/23;Molto bassa;Molto facile;Molto buona;Molto buona;
AYqiD0d1882CViJqbmf_;21/10/23;Molto bassa;Facile;Buona;Buona;
AYqiD0dZ882CViJqbmf3;21/10/23;Molto bassa;Molto facile;Molto buona;Buona;
AYqiD0dZ882CViJqbmf2;21/10/23;Molto bassa;Facile;Buona;Buona;
AYqiD0dZ882CViJqbmf1;21/10/23;Molto bassa;Molto difficile;Molto bassa;Molto bassa;
AYqiD0dZ882CViJqbmfz;21/10/23;Molto bassa;Molto facile;Molto buona;Molto buona;
AYqiD0dZ882CViJqbmf0;21/10/23;Molto bassa;Molto facile;Molto buona;Molto buona;
AYqiD0UH882CViJqbmc2;21/10/23;Molto bassa;Facile;Buona;Buona;
AYqiD0UH882CViJqbmc4;21/10/23;Molto bassa;Difficile;Bassa;Bassa;
AYqiD0UH882CViJqbmcx;21/10/23;Molto bassa;Molto facile;Molto buona;Molto buona;
AYqiD0UH882CViJqbmc1;21/10/23;Molto bassa;Molto facile;Molto buona;Molto buona;
AYqiD0UH882CViJqbmc5;21/10/23;Molto bassa;Facile;Buona;Buona;
AYqiD0UH882CViJqbmcy;21/10/23;Molto bassa;Molto facile;Molto buona;Molto buona;
AYqiD0UH882CViJqbmcz;21/10/23;Molto bassa;Molto facile;Molto buona;Molto buona;
AYqiD0UH882CViJqbmc3;21/10/23;Molto bassa;Facile;Buona;Media;
AYqiD0UH882CViJqbmc0;21/10/23;Molto bassa;Molto facile;Molto buona;Molto buona;
AYqiD0dR882CViJqbmfy;21/10/23;Molto bassa;Neutro;Buona;Bassa;
AYqiD0b3882CViJqbmfL;21/10/23;Molto bassa;Molto facile;Molto buona;Molto buona;
AYqiD0b3882CViJqbmfM;21/10/23;Molto bassa;Molto facile;Molto buona;Molto buona;
AYqiD0b3882CViJqbmfN;21/10/23;Molto bassa;Molto facile;Molto buona;Molto buona;
AYqiD0b3882CViJqbmfO;21/10/23;Molto bassa;Molto facile;Molto buona;Molto buona;
AYqiD0b3882CViJqbmfP;21/10/23;Molto bassa;Molto facile;Molto buona;Molto buona;
AYqiD0b3882CViJqbmfQ;21/10/23;Molto bassa;Molto facile;Molto buona;Molto buona;
AYqiD0b3882CViJqbmfT;21/10/23;Molto bassa;Molto facile;Molto buona;Molto buona;
AYqiD0b3882CViJqbmfR;21/10/23;Molto bassa;Molto facile;Molto buona;Molto buona;
AYqiD0b3882CViJqbmfU;21/10/23;Molto bassa;Facile;Buona;Buona;
AYqiD0b3882CViJqbmfV;21/10/23;Molto bassa;Facile;Buona;Buona;
AYqiD0b3882CViJqbmfW;21/10/23;Molto bassa;Facile;Buona;Buona;
AYqiD0b3882CViJqbmfX;21/10/23;Molto bassa;Facile;Buona;Buona;
AYqiD0b3882CViJqbmfS;21/10/23;Molto bassa;Molto facile;Molto buona;Molto buona;
AYqiD0b3882CViJqbmfY;21/10/23;Molto bassa;Molto difficile;Molto bassa;Molto bassa;
AYqiD0Us882CViJqbmdH;21/10/23;Molto bassa;Facile;Buona;Buona;
AYqiD0Us882CViJqbmdM;21/10/23;Molto bassa;Neutro;Buona;Media;
AYqiD0Us882CViJqbmdI;21/10/23;Molto bassa;Facile;Buona;Buona;
AYqiD0Us882CViJqbmdN;21/10/23;Molto bassa;Molto facile;Molto buona;Molto buona;
AYqiD0Us882CViJqbmdO;21/10/23;Molto bassa;Facile;Buona;Buona;
AYqiD0Us882CViJqbmdJ;21/10/23;Molto bassa;Facile;Buona;Buona;
AYqiD0Us882CViJqbmdK;21/10/23;Molto bassa;Neutro;Buona;Bassa;
AYqiD0Us882CViJqbmdL;21/10/23;Molto bassa;Difficile;Bassa;Bassa;
AYqiD0Us882CViJqbmdP;21/10/23;Molto bassa;Difficile;Bassa;Bassa;
AYqiD0Us882CViJqbmdQ;21/10/23;Molto bassa;Facile;Buona;Buona;
AYqiD0UO882CViJqbmc9;21/10/23;Molto bassa;Facile;Buona;Buona;
AYqiD0UO882CViJqbmc6;21/10/23;Molto bassa;Molto facile;Molto buona;Molto buona;
AYqiD0UO882CViJqbmc7;21/10/23;Molto bassa;Molto facile;Molto buona;Molto buona;
AYqiD0UO882CViJqbmc8;21/10/23;Molto bassa;Molto facile;Molto buona;Molto buona;
AYqiD0S4882CViJqbmct;21/10/23;Molto bassa;Difficile;Bassa;Bassa;
AYqiD0SW882CViJqbmcq;21/10/23;Molto bassa;Facile;Buona;Buona;
AYqiD0S_882CViJqbmcu;21/10/23;Molto bassa;Molto difficile;Molto bassa;Molto bassa;
AYqiD0S_882CViJqbmcv;21/10/23;Molto bassa;Facile;Buona;Buona;
AYqiD0RL882CViJqbmcK;21/10/23;Molto bassa;Molto difficile;Molto bassa;Molto bassa;
AYqiD0Q9882CViJqbmcG;21/10/23;Molto bassa;Facile;Buona;Buona;
AYqiD0Q9882CViJqbmcF;21/10/23;Molto bassa;Molto facile;Molto buona;Molto buona;
AYqiD0Q9882CViJqbmcH;21/10/23;Molto bassa;Facile;Buona;Buona;
AYqiD0SP882CViJqbmco;21/10/23;Molto bassa;Molto difficile;Molto bassa;Molto bassa;
AYqiD0SP882CViJqbmcl;21/10/23;Molto bassa;Molto facile;Molto buona;Molto buona;
AYqiD0SP882CViJqbmcp;21/10/23;Molto bassa;Facile;Buona;Buona;
AYqiD0SP882CViJqbmcm;21/10/23;Molto bassa;Molto facile;Molto buona;Molto buona;
AYqiD0SP882CViJqbmcn;21/10/23;Molto bassa;Molto facile;Molto buona;Molto buona;
AYqiD0R8882CViJqbmcQ;21/10/23;Molto bassa;Facile;Buona;Buona;
AYqiD0R8882CViJqbmcR;21/10/23;Molto bassa;Facile;Buona;Buona;
AYqiD0R8882CViJqbmcS;21/10/23;Molto bassa;Molto facile;Molto buona;Molto buona;
AYqiD0R8882CViJqbmcT;21/10/23;Molto bassa;Facile;Buona;Buona;
AYqiD0R8882CViJqbmcU;21/10/23;Molto bassa;Facile;Buona;Buona;
AYqiD0R8882CViJqbmcV;21/10/23;Molto bassa;Difficile;Bassa;Bassa;
AYqiD0R8882CViJqbmcO;21/10/23;Molto bassa;Facile;Buona;Buona;
AYqiD0R8882CViJqbmcW;21/10/23;Molto bassa;Molto difficile;Molto bassa;Molto bassa;
AYqiD0R8882CViJqbmcX;21/10/23;Molto bassa;Facile;Buona;Media;
AYqiD0R8882CViJqbmcP;21/10/23;Molto bassa;Molto facile;Molto buona;Molto buona;
AYqiD0St882CViJqbmcs;23/10/23;Molto bassa;Molto difficile;Molto bassa;Molto bassa;
AYqiD0NB882CViJqbmax;22/10/23;Molto bassa;Molto facile;Molto buona;Molto buona;
AYqiD0NB882CViJqbmay;22/10/23;Molto bassa;Neutro;Buona;Bassa;
AYqiD0NS882CViJqbmaz;22/10/23;Molto bassa;Facile;Buona;Buona;
AYqiD0NS882CViJqbma0;22/10/23;Molto bassa;Molto facile;Molto buona;Molto buona;
AYqiD0NS882CViJqbma1;22/10/23;Molto bassa;Molto facile;Molto buona;Molto buona;
AYqiD0NS882CViJqbma2;22/10/23;Molto bassa;Molto facile;Molto buona;Molto buona;
AYqiD0NS882CViJqbma3;22/10/23;Molto bassa;Molto facile;Molto buona;Molto buona;
AYqiD0NS882CViJqbma4;22/10/23;Molto bassa;Molto facile;Molto buona;Molto buona;
AYqiD0NS882CViJqbma7;22/10/23;Molto bassa;Molto facile;Molto buona;Buona;
AYqiD0NS882CViJqbma5;22/10/23;Molto bassa;Molto facile;Molto buona;Molto buona;
AYqiD0NS882CViJqbma8;22/10/23;Molto bassa;Molto difficile;Bassa;Molto bassa;
AYqiD0NS882CViJqbma9;22/10/23;Molto bassa;Difficile;Bassa;Bassa;
AYqiD0NS882CViJqbma-;22/10/23;Molto bassa;Difficile;Bassa;Bassa;
AYqiD0NS882CViJqbma6;22/10/23;Molto bassa;Molto facile;Molto buona;Molto buona;
AYqiD0NS882CViJqbma_;22/10/23;Molto bassa;Molto difficile;Molto bassa;Molto bassa;
AYqiD0QL882CViJqbmb4;22/10/23;Molto bassa;Difficile;Bassa;Bassa;
AYqiD0QL882CViJqbmb3;22/10/23;Molto bassa;Facile;Buona;Buona;
AYqiD0QL882CViJqbmb5;22/10/23;Molto bassa;Molto facile;Molto buona;Molto buona;
AYqiD0QL882CViJqbmb6;22/10/23;Molto bassa;Neutro;Buona;Bassa;
AYqiD0Nu882CViJqbmbG;22/10/23;Molto bassa;Molto facile;Molto buona;Molto buona;
AYqiD0Nu882CViJqbmbH;22/10/23;Molto bassa;Molto facile;Molto buona;Molto buona;
AYqiD0Nu882CViJqbmbI;22/10/23;Molto bassa;Molto facile;Molto buona;Molto buona;
AYqiD0Nu882CViJqbmbJ;22/10/23;Molto bassa;Molto facile;Molto buona;Molto buona;
AYqiD0Nu882CViJqbmbK;22/10/23;Molto bassa;Molto facile;Molto buona;Molto buona;
AYqiD0Nu882CViJqbmbL;22/10/23;Molto bassa;Molto facile;Molto buona;Molto buona;
AYqiD0Nu882CViJqbmbO;22/10/23;Molto bassa;Neutro;Buona;Media;
AYqiD0Nu882CViJqbmbM;22/10/23;Molto bassa;Molto facile;Molto buona;Molto buona;
AYqiD0Nu882CViJqbmbP;22/10/23;Molto bassa;Difficile;Bassa;Bassa;
AYqiD0Nu882CViJqbmbQ;22/10/23;Molto bassa;Difficile;Bassa;Bassa;
AYqiD0Nu882CViJqbmbR;22/10/23;Molto bassa;Difficile;Bassa;Bassa;
AYqiD0Nu882CViJqbmbN;22/10/23;Molto bassa;Molto facile;Molto buona;Molto buona;
AYqiD0Nu882CViJqbmbS;22/10/23;Molto bassa;Molto difficile;Molto bassa;Molto bassa;
AYqiD0QA882CViJqbmb2;22/10/23;Molto bassa;Neutro;Buona;Media;
AYqiD0P5882CViJqbmbu;27/10/23;Molto bassa;Facile;Buona;Buona;
AYqiD0P5882CViJqbmbv;27/10/23;Molto bassa;Molto facile;Molto buona;Molto buona;
AYqiD0P5882CViJqbmbw;27/10/23;Molto bassa;Molto facile;Molto buona;Molto buona;
AYqiD0P5882CViJqbmbx;27/10/23;Molto bassa;Molto facile;Molto buona;Molto buona;
AYqiD0P5882CViJqbmby;27/10/23;Molto bassa;Molto facile;Molto buona;Molto buona;
AYqiD0P5882CViJqbmbz;27/10/23;Molto bassa;Molto facile;Molto buona;Molto buona;
AYqiD0P5882CViJqbmb0;27/10/23;Molto bassa;Molto facile;Molto buona;Molto buona;
AYqiD0P5882CViJqbmb1;27/10/23;Molto bassa;Molto facile;Molto buona;Molto buona;A seguito della risoluzione di questa issue, ultima dell'ActionPlan#192, abbiamo riscontrato tre nuove issue introdotte, che riguardano un file diverso da quello analizzato nel corrente AP. Abbiamo quindi creato l'ActionPlan#192-1 per risolvere queste nuove issue e riallineare le due analisi.
AYqiDz3i882CViJqbmTd;27/10/23;Molto bassa;Molto facile;Molto buona;Molto buona;
AYtwIN0FeOJm0L6o3n20;27/10/23;Molto bassa;Molto facile;Molto buona;Molto buona;
AYtwIN0FeOJm0L6o3n20-1;27/10/23;Molto bassa;Facile;Buona;Media;
AYqiD0cQ882CViJqbmfd;28/10/23;Molto bassa;Facile;Buona;Media;
AYqiD0cd882CViJqbmff;28/10/23;Molto bassa;Molto difficile;Molto bassa;Molto bassa;
AYqiD0Z-882CViJqbmem;28/10/23;Molto bassa;Difficile;Bassa;Bassa;
AYqiD0Z-882CViJqbmel;28/10/23;Molto bassa;Molto facile;Molto buona;Molto buona;
AYqiD0Ya882CViJqbmeN;28/10/23;Molto bassa;Facile;Buona;Buona;
AYqiD0Ya882CViJqbmeM;28/10/23;Molto bassa;Molto facile;Molto buona;Molto buona;
AYqiD0aw882CViJqbmey;28/10/23;Molto bassa;Facile;Buona;Buona;
AYqiD0aw882CViJqbmex;28/10/23;Molto bassa;Molto facile;Molto buona;Molto buona;
AYqiD0ab882CViJqbmer;28/10/23;Molto bassa;Molto facile;Molto buona;Molto buona;
AYqiD0ai882CViJqbmet;28/10/23;Molto bassa;Molto facile;Molto buona;Molto buona;
AYqiD0ai882CViJqbmes;28/10/23;Molto bassa;Molto facile;Molto buona;Molto buona;
AYqiD0ai882CViJqbmeu;28/10/23;Molto bassa;Facile;Buona;Buona;
AYqiD0aF882CViJqbmeo;28/10/23;Molto bassa;Molto facile;Molto buona;Molto buona;
AYqiD0aF882CViJqbmen;28/10/23;Molto bassa;Molto facile;Molto buona;Molto buona;
AYqiD0Z4882CViJqbmek;28/10/23;Molto bassa;Molto facile;Molto buona;Molto buona;
AYqiD0Z4882CViJqbmej;28/10/23;Molto bassa;Molto facile;Molto buona;Molto buona;
AYqiD0br882CViJqbmfK;28/10/23;Molto bassa;Molto facile;Molto buona;Molto buona;
AYqiD0br882CViJqbmfJ;28/10/23;Molto bassa;Molto facile;Molto buona;Molto buona;
AYqiD0aM882CViJqbmep;28/10/23;Molto bassa;Molto facile;Molto buona;Molto buona;
AYqiD0bW882CViJqbmfC;28/10/23;Molto bassa;Molto facile;Molto buona;Molto buona;
AYqiD0bW882CViJqbmfB;28/10/23;Molto bassa;Molto facile;Molto buona;Molto buona;
AYqiD0bW882CViJqbmfD;28/10/23;Molto bassa;Molto facile;Molto buona;Molto buona;
AYqiD0Zx882CViJqbmed;28/10/23;Molto bassa;Facile;Buona;Buona;
AYqiD0Zx882CViJqbmee;28/10/23;Molto bassa;Facile;Buona;Buona;
AYqiD0Zx882CViJqbmef;28/10/23;Molto bassa;Facile;Buona;Buona;
AYqiD0Zx882CViJqbmeg;28/10/23;Molto bassa;Facile;Buona;Buona;
AYqiD0Zx882CViJqbmeh;28/10/23;Molto bassa;Facile;Buona;Buona;
AYqiD0Zx882CViJqbmei;28/10/23;Molto bassa;Facile;Buona;Buona;
AYqiD0Y5882CViJqbmeP;28/10/23;Molto bassa;Molto facile;Molto buona;Molto buona;
AYqiD0Oc882CViJqbmbY;28/10/23;Molto bassa;Facile;Buona;Buona;
AYqiD0N1882CViJqbmbT;28/10/23;Molto bassa;Facile;Buona;Buona;
AYqiD0N-882CViJqbmbUa;28/10/23;Molto bassa;Molto difficile;Molto bassa;Molto bassa;
AYqiD0N-882CViJqbmbV;28/10/23;Molto bassa;Facile;Buona;Buona;
AYqiD0ZT882CViJqbmeR;28/10/23;Molto bassa;Molto facile;Molto buona;Molto buona;
AYqiD0QV882CViJqbmb7;28/10/23;Molto bassa;Molto facile;Molto buona;Molto buona;
AYqiD0QV882CViJqbmb8;28/10/23;Molto bassa;Facile;Buona;Buona;
AYqiD0d-882CViJqbmgB;28/10/23;Molto bassa;Molto facile;Molto buona;Molto buona;
AYqiD0d-882CViJqbmgA;28/10/23;Molto bassa;Molto facile;Molto buona;Molto buona;
AYqiD0Uh882CViJqbmdF;28/10/23;Molto bassa;Molto facile;Molto buona;Molto buona;
AYqiD0Uh882CViJqbmdC;28/10/23;Molto bassa;Molto facile;Molto buona;Molto buona;
AYqiD0Uh882CViJqbmdE;28/10/23;Molto bassa;Molto facile;Molto buona;Molto buona;
AYqiD0Uh882CViJqbmdD;28/10/23;Molto bassa;Molto facile;Molto buona;Molto buona;
AYqiD0Uh882CViJqbmdG;28/10/23;Molto bassa;Facile;Buona;Buona;
AYqiD0Uh882CViJqbmdB;28/10/23;Molto bassa;Molto facile;Molto buona;Molto buona;
AYqiD0UV882CViJqbmc_;29/10/23;Molto bassa;Molto facile;Molto buona;Molto buona;
AYqiD0UV882CViJqbmdA;29/10/23;Molto bassa;Molto facile;Molto buona;Molto buona;
AYqiD0Tx882CViJqbmcw;29/10/23;Molto bassa;Facile;Buona;Buona;
AYqiD0Qv882CViJqbmcB;29/10/23;Molto bassa;Molto facile;Molto buona;Molto buona;
AYqiD0Qv882CViJqbmcC;29/10/23;Molto bassa;Facile;Buona;Buona;
AYqiD0Qv882CViJqbmcD;29/10/23;Molto bassa;Molto facile;Molto buona;Molto buona;
AYqiD0Qv882CViJqbmb-;29/10/23;Molto bassa;Molto facile;Molto buona;Molto buona;
AYqiD0Qv882CViJqbmb9;29/10/23;Molto bassa;Molto facile;Molto buona;Molto buona;
AYqiD0Qv882CViJqbmcA;29/10/23;Molto bassa;Facile;Buona;Buona;
AYqiD0Qv882CViJqbmb_;29/10/23;Molto bassa;Molto facile;Molto buona;Molto buona;
AYqiDz8Q882CViJqbmVB;29/10/23;Molto bassa;Molto difficile;Molto bassa;Molto bassa;
AYqiDz8Q882CViJqbmVC;29/10/23;Molto bassa;Difficile;Bassa;Bassa;
AYqiDz8I882CViJqbmVA;29/10/23;Molto bassa;Facile;Buona;Buona;
AYqiD0Rr882CViJqbmcM;29/10/23;Molto bassa;Facile;Buona;Buona;
AYqiD0RT882CViJqbmcL;29/10/23;Molto bassa;Molto facile;Molto buona;Molto buona;
AYqiD0RF882CViJqbmcI;29/10/23;Molto bassa;Molto facile;Molto buona;Molto buona;
AYqiD0RF882CViJqbmcJ;29/10/23;Molto bassa;Molto facile;Molto buona;Molto buona;
AYqiD0SF882CViJqbmcY;29/10/23;Molto bassa;Molto facile;Molto buona;Molto buona;
AYqiD0SF882CViJqbmcZ;29/10/23;Molto bassa;Molto facile;Molto buona;Molto buona;
AYqiD0SF882CViJqbmca;29/10/23;Molto bassa;Molto facile;Molto buona;Molto buona;
AYqiD0SF882CViJqbmcb;29/10/23;Molto bassa;Molto facile;Molto buona;Molto buona;
AYqiD0SF882CViJqbmcc;29/10/23;Molto bassa;Molto facile;Molto buona;Molto buona;
AYqiD0SF882CViJqbmcd;29/10/23;Molto bassa;Molto facile;Molto buona;Molto buona;
AYqiD0SF882CViJqbmce;29/10/23;Molto bassa;Molto facile;Molto buona;Molto buona;
AYqiD0SF882CViJqbmcg;29/10/23;Molto bassa;Molto facile;Molto buona;Molto buona;
AYqiD0SF882CViJqbmch;29/10/23;Molto bassa;Facile;Buona;Buona;
AYqiD0SF882CViJqbmci;29/10/23;Molto bassa;Facile;Buona;Buona;
AYqiD0SF882CViJqbmcj;29/10/23;Molto bassa;Facile;Buona;Buona;
AYqiD0SF882CViJqbmcf;29/10/23;Molto bassa;Molto facile;Molto buona;Molto buona;
AYqiD0SF882CViJqbmck;29/10/23;Molto bassa;Molto difficile;Molto bassa;Molto bassa;
AYqiD0Ry882CViJqbmcN;29/10/23;Molto bassa;Facile;Buona;Buona;
AYqiD0Sg882CViJqbmcr;29/10/23;Molto bassa;Molto difficile;Molto bassa;Molto bassa;
AYqiD0Ni882CViJqbmbF;29/10/23;Molto bassa;Facile;Buona;Buona;
AYqiD0Ni882CViJqbmbE;29/10/23;Molto bassa;Molto facile;Molto buona;Molto buona;
AYqiD0Na882CViJqbmbA;29/10/23;Molto bassa;Molto facile;Molto buona;Molto buona;
AYqiD0Na882CViJqbmbB;29/10/23;Molto bassa;Molto facile;Molto buona;Molto buona;
AYqiD0Na882CViJqbmbD;29/10/23;Molto bassa;Facile;Buona;Buona;
AYqiD0Na882CViJqbmbC;29/10/23;Molto bassa;Molto facile;Molto buona;Molto buona;
AYqiDz7m882CViJqbmU5;29/10/23;Molto bassa;Facile;Buona;Buona;
AYqiDz7m882CViJqbmU6;29/10/23;Molto bassa;Molto facile;Molto buona;Molto buona;
AYqiDz7m882CViJqbmU7;29/10/23;Molto bassa;Molto facile;Molto buona;Molto buona;
AYqiDz9N882CViJqbmVV;29/10/23;Molto bassa;Facile;Buona;Buona;
AYqiDz9N882CViJqbmVW;29/10/23;Molto bassa;Molto facile;Molto buona;Molto buona;
AYqiDz9N882CViJqbmVX;29/10/23;Molto bassa;Molto facile;Molto buona;Molto buona;
AYqiDz9N882CViJqbmVY;29/10/23;Molto bassa;Molto facile;Molto buona;Molto buona;
AYqiDz9N882CViJqbmVZ;29/10/23;Molto bassa;Molto facile;Molto buona;Molto buona;
AYqiDz9N882CViJqbmVa;29/10/23;Molto bassa;Molto facile;Molto buona;Molto buona;
AYqiDz9N882CViJqbmVd;29/10/23;Molto bassa;Facile;Buona;Buona;
AYqiDz9N882CViJqbmVb;29/10/23;Molto bassa;Molto facile;Molto buona;Molto buona;
AYqiDz9N882CViJqbmVe;29/10/23;Molto bassa;Difficile;Bassa;Bassa;
AYqiDz9N882CViJqbmVf;29/10/23;Molto bassa;Difficile;Bassa;Bassa;
AYqiDz9N882CViJqbmVg;29/10/23;Molto bassa;Difficile;Bassa;Bassa;
AYqiDz9N882CViJqbmVc;29/10/23;Molto bassa;Molto facile;Molto buona;Molto buona;
AYqiDz9N882CViJqbmVh;29/10/23;Molto bassa;Molto difficile;Molto bassa;Molto bassa;
AYqiDz9E882CViJqbmVT;29/10/23;Molto bassa;Difficile;Bassa;Bassa;
AYqiDz9E882CViJqbmVU;29/10/23;Molto bassa;Facile;Buona;Buona;
AYqiDz8t882CViJqbmVQ;29/10/23;Molto bassa;Facile;Buona;Buona;
AYqiD0Mr882CViJqbmav;29/10/23;Molto bassa;Facile;Buona;Buona;
AYqiD0Mr882CViJqbmaw;29/10/23;Molto bassa;Facile;Buona;Buona;
AYqiD0PF882CViJqbmbc;29/10/23;Molto bassa;Molto facile;Molto buona;Molto buona;
AYqiD0PF882CViJqbmbb;29/10/23;Molto bassa;Facile;Buona;Buona;
AYqiD0Pw882CViJqbmbt;29/10/23;Molto bassa;Molto facile;Molto buona;Molto buona;
AYqiD0Pp882CViJqbmbg;29/10/23;Molto bassa;Facile;Buona;Buona;
AYqiD0Pp882CViJqbmbh;29/10/23;Molto bassa;Molto facile;Molto buona;Molto buona;
AYqiD0Pp882CViJqbmbi;29/10/23;Molto bassa;Facile;Buona;Buona;
AYqiD0Pp882CViJqbmbj;29/10/23;Molto bassa;Molto difficile;Molto bassa;Molto bassa;
AYqiD0Pp882CViJqbmbk;29/10/23;Molto bassa;Molto facile;Molto buona;Molto buona;
AYqiD0Pp882CViJqbmbl;29/10/23;Molto bassa;Molto difficile;Molto bassa;Molto bassa;
AYqiD0Pp882CViJqbmbm;29/10/23;Molto bassa;Molto facile;Molto buona;Molto buona;
AYqiD0Pp882CViJqbmbn;29/10/23;Molto bassa;Molto difficile;Molto bassa;Molto bassa;
AYqiD0Pp882CViJqbmbo;29/10/23;Molto bassa;Molto facile;Molto buona;Molto buona;
AYqiD0Pp882CViJqbmbf;29/10/23;Molto bassa;Facile;Buona;Buona;
AYqiD0Pp882CViJqbmbe;29/10/23;Molto bassa;Facile;Buona;Buona;
AYqiD0Pp882CViJqbmbp;29/10/23;Molto bassa;Molto difficile;Molto bassa;Molto bassa;
AYqiD0Pp882CViJqbmbq;29/10/23;Molto bassa;Molto facile;Molto buona;Molto buona;
AYqiD0Pp882CViJqbmbr;29/10/23;Molto bassa;Molto difficile;Molto bassa;Molto bassa;
AYqiD0Pp882CViJqbmbs;29/10/23;Molto bassa;Molto facile;Molto buona;Molto buona;
AYqiD0Pp882CViJqbmbd;29/10/23;Molto bassa;Molto facile;Molto buona;Molto buona;
AYqiDz66882CViJqbmUi;29/10/23;Molto bassa;Molto facile;Molto buona;Molto buona;
AYqiDz66882CViJqbmUj;29/10/23;Molto bassa;Molto facile;Molto buona;Molto buona;
AYqiDz66882CViJqbmUk;29/10/23;Molto bassa;Molto facile;Molto buona;Molto buona;
AYqiDz66882CViJqbmUl;29/10/23;Molto bassa;Molto facile;Molto buona;Molto buona;
AYqiDz66882CViJqbmUm;29/10/23;Molto bassa;Molto facile;Molto buona;Molto buona;
AYqiDz66882CViJqbmUn;29/10/23;Molto bassa;Molto facile;Molto buona;Molto buona;
AYqiDz66882CViJqbmUq;29/10/23;Molto bassa;Molto facile;Molto buona;Buona;
AYqiDz66882CViJqbmUo;29/10/23;Molto bassa;Molto facile;Molto buona;Molto buona;
AYqiDz66882CViJqbmUr;29/10/23;Molto bassa;Molto difficile;Bassa;Molto bassa;
AYqiDz66882CViJqbmUs;29/10/23;Molto bassa;Difficile;Bassa;Bassa;
AYqiDz66882CViJqbmUt;29/10/23;Molto bassa;Difficile;Bassa;Bassa;
AYqiDz66882CViJqbmUp;29/10/23;Molto bassa;Molto facile;Molto buona;Molto buona;
AYqiDz66882CViJqbmUu;29/10/23;Molto bassa;Molto difficile;Molto bassa;Molto bassa;
AYqiD0OH882CViJqbmbW;30/10/23;Molto bassa;Facile;Buona;Buona;
AYqiD0OO882CViJqbmbX;30/10/23;Molto bassa;Molto difficile;Molto bassa;Molto bassa;
AYqiDz7w882CViJqbmU9;30/10/23;Molto bassa;Molto facile;Molto buona;Molto buona;
AYqiDz7w882CViJqbmU8;30/10/23;Molto bassa;Molto facile;Molto buona;Molto buona;
AYqiDz8b882CViJqbmVD;30/10/23;Molto bassa;Molto facile;Molto buona;Molto buona;
AYqiDz8b882CViJqbmVE;30/10/23;Molto bassa;Molto facile;Molto buona;Molto buona;
AYqiDz8b882CViJqbmVF;30/10/23;Molto bassa;Molto facile;Molto buona;Molto buona;
AYqiDz8b882CViJqbmVG;30/10/23;Molto bassa;Molto facile;Molto buona;Molto buona;
AYqiDz8b882CViJqbmVH;30/10/23;Molto bassa;Molto facile;Molto buona;Molto buona;
AYqiDz8b882CViJqbmVI;30/10/23;Molto bassa;Molto facile;Molto buona;Molto buona;
AYqiDz8b882CViJqbmVJ;30/10/23;Molto bassa;Molto facile;Molto buona;Molto buona;
AYqiDz8b882CViJqbmVL;30/10/23;Molto bassa;Molto facile;Molto buona;Molto buona;
AYqiDz8b882CViJqbmVM;30/10/23;Molto bassa;Facile;Buona;Buona;
AYqiDz8b882CViJqbmVN;30/10/23;Molto bassa;Facile;Buona;Buona;
AYqiDz8b882CViJqbmVO;30/10/23;Molto bassa;Facile;Buona;Buona;
AYqiDz8b882CViJqbmVK;30/10/23;Molto bassa;Molto facile;Molto buona;Molto buona;
AYqiDz8b882CViJqbmVP;30/10/23;Molto bassa;Molto difficile;Molto bassa;Molto bassa;
AYqiDz78882CViJqbmU_;30/10/23;Molto bassa;Molto difficile;Molto bassa;Molto bassa;
AYqiDz78882CViJqbmU-;30/10/23;Molto bassa;Molto facile;Molto buona;Molto buona;
AYqiD0ek882CViJqbmgJ;30/10/23;Molto bassa;Molto difficile;Bassa;Molto bassa;
AYqiD0fP882CViJqbmgO;30/10/23;Molto bassa;Facile;Buona;Buona;
AYqiD0fP882CViJqbmgP;30/10/23;Molto bassa;Facile;Buona;Buona;
AYqiD0fP882CViJqbmgQ;30/10/23;Molto bassa;Facile;Buona;Media;
AYqiD0fP882CViJqbmgN;30/10/23;Molto bassa;Facile;Buona;Buona;
AYqiD0fP882CViJqbmgR;30/10/23;Molto bassa;Facile;Buona;Buona;
AYqiD0fP882CViJqbmgS;30/10/23;Molto bassa;Facile;Buona;Buona;
AYqiD0fd882CViJqbmgU;30/10/23;Molto bassa;Facile;Buona;Buona;
AYqiD0e5882CViJqbmgL;30/10/23;Molto bassa;Facile;Buona;Buona;
AYqiD0ew882CViJqbmgK;30/10/23;Molto bassa;Facile;Buona;Buona;
AYqiDz9c882CViJqbmVr;04/11/23;Molto bassa;Molto facile;Molto buona;Molto buona;
AYqiDz9c882CViJqbmVs;04/11/23;Molto bassa;Molto difficile;Molto bassa;Molto bassa;
AYqiDz9c882CViJqbmVt;04/11/23;Molto bassa;Facile;Buona;Media;
AYqiDz9c882CViJqbmVp;04/11/23;Molto bassa;Molto difficile;Molto bassa;Molto bassa;
AYqiDz9c882CViJqbmVu;04/11/23;Molto bassa;Molto difficile;Molto bassa;Molto bassa;
AYqiDz9c882CViJqbmVi;04/11/23;Molto bassa;Molto facile;Molto buona;Molto buona;
AYqiDz9c882CViJqbmVj;04/11/23;Molto bassa;Molto facile;Molto buona;Molto buona;
AYqiDz9c882CViJqbmVk;04/11/23;Molto bassa;Molto facile;Molto buona;Molto buona;
AYqiDz9c882CViJqbmVq;04/11/23;Molto bassa;Difficile;Bassa;Bassa;
AYqiDz9c882CViJqbmVv;04/11/23;Molto bassa;Molto difficile;Molto bassa;Molto bassa;
AYqiDz9c882CViJqbmVm;04/11/23;Molto bassa;Molto facile;Molto buona;Molto buona;
AYqiDz9c882CViJqbmVo;04/11/23;Molto bassa;Molto facile;Molto buona;Molto buona;
AYqiDz9c882CViJqbmVn;04/11/23;Molto bassa;Molto facile;Molto buona;Molto buona;
AYqiDz9c882CViJqbmVw;04/11/23;Molto bassa;Molto difficile;Molto bassa;Molto bassa;
AYqiDz9c882CViJqbmVl;04/11/23;Molto bassa;Molto facile;Molto buona;Molto buona;
AYqiDz9c882CViJqbmVx;04/11/23;Molto bassa;Molto difficile;Molto bassa;Molto bassa;
AYqiDz9c882CViJqbmVy;04/11/23;Molto bassa;Difficile;Bassa;Bassa;
AYqiDz89882CViJqbmVS;04/10/23;Molto bassa;Facile;Buona;Buona;
AYqiDz82882CViJqbmVR;04/11/23;Molto bassa;Molto facile;Molto buona;Molto buona;
AYqiDz7K882CViJqbmU1;04/11/23;Molto bassa;Molto facile;Molto buona;Molto buona;
AYqiDz7K882CViJqbmU0;04/11/23;Molto bassa;Molto facile;Molto buona;Molto buona;
AYqiDz7K882CViJqbmUv;04/11/23;Molto bassa;Molto facile;Molto buona;Molto buona;
AYqiDz7K882CViJqbmUw;04/11/23;Molto bassa;Molto facile;Molto buona;Molto buona;
AYqiDz7K882CViJqbmUx;04/11/23;Molto bassa;Molto facile;Molto buona;Molto buona;
AYqiDz7K882CViJqbmU2;04/11/23;Molto bassa;Molto facile;Molto buona;Molto buona;
AYqiDz7K882CViJqbmUz;04/11/23;Molto bassa;Difficile;Bassa;Bassa;
AYqiDz7K882CViJqbmUy;04/11/23;Molto bassa;Molto facile;Molto buona;Molto buona;
AYqiDz7K882CViJqbmU3;04/11/23;Molto bassa;Molto difficile;Molto bassa;Molto bassa;
AYqiDz7K882CViJqbmU4;04/11/23;Molto bassa;Facile;Buona;Buona;
AYqiD0eS882CViJqbmgC;04/11/23;Molto bassa;Molto facile;Molto buona;Molto buona;
AYqiD0eS882CViJqbmgD;04/11/23;Molto bassa;Molto facile;Molto buona;Molto buona;
AYqiD0eS882CViJqbmgE;04/11/23;Molto bassa;Molto facile;Molto buona;Molto buona;
AYqiD0eS882CViJqbmgF;04/11/23;Molto bassa;Molto facile;Molto buona;Molto buona;
AYqiD0eS882CViJqbmgG;04/11/23;Molto bassa;Molto facile;Molto buona;Molto buona;
AYqiD0eS882CViJqbmgH;04/11/23;Molto bassa;Molto facile;Molto buona;Molto buona;
AYqiD0eb882CViJqbmgI;04/11/23;Molto bassa;Molto facile;Molto buona;Molto buona;
AYqiD0fk882CViJqbmgV;04/11/23;Molto bassa;Difficile;Bassa;Bassa;
AYqiD0fW882CViJqbmgT;04/11/23;Molto bassa;Molto facile;Molto buona;Molto buona;
AYqiD0e_882CViJqbmgM;04/11/23;Molto bassa;Molto facile;Molto buona;Molto buona;
AYqiD0fz882CViJqbmgW;04/11/23;Molto bassa;Molto difficile;Molto bassa;Molto bassa;
AYqiD0fz882CViJqbmgX;04/11/23;Molto bassa;Molto facile;Molto buona;Molto buona;
AYtwIN10eOJm0L6o3n21;04/11/23;Molto bassa;Molto facile;Molto buona;Molto buona;A seguito della risoluzione di questa issue, ultima dell'ActionPlan#225 (ultimo AP in ordine cronologico da risolvere), abbiamo riscontrato che SC evidenziava ancora alcune issue rimanenti, che riguardano file diversi da quello analizzato nel corrente AP. Abbiamo quindi creato l'ActionPlan#227 per risolvere queste nuove issue e concludere il progetto.
AYtwIN10eOJm0L6o3n22;04/11/23;Molto bassa;Molto facile;Molto buona;Molto buona;
AYtwIN10eOJm0L6o3n23;04/11/23;Molto bassa;Molto facile;Molto buona;Molto buona;
AYtwIN10eOJm0L6o3n24;04/11/23;Molto bassa;Molto facile;Molto buona;Molto buona;
AYtwIN10eOJm0L6o3n25;04/11/23;Molto bassa;Molto facile;Molto buona;Molto buona;
AYtwIN10eOJm0L6o3n26;04/11/23;Molto bassa;Molto facile;Molto buona;Molto buona;